edition_stable_id,edition_title,source_file,candidate_work_stable_id,candidate_work_title,mapping_basis,mapping_confidence,human_review_required,human_decision,review_status,evidence
EDITION-HFM-A000529,10023266.pdf,content-production/normalized/jiayi-editions.csv,UNRESOLVED,UNRESOLVED,NUMERIC_FILENAME_NO_TEXTUAL_WORK_EVIDENCE,UNRESOLVED,YES,RECOMMEND_DEFER,DEFERRED,数字文件名 10023266.pdf，无任何著作文本线索，建议延后
EDITION-HFM-A000530,10023267.pdf,content-production/normalized/jiayi-editions.csv,UNRESOLVED,UNRESOLVED,NUMERIC_FILENAME_NO_TEXTUAL_WORK_EVIDENCE,UNRESOLVED,YES,RECOMMEND_DEFER,DEFERRED,数字文件名 10023267.pdf，无任何著作文本线索，建议延后
EDITION-HFM-A000531,10023268.pdf,content-production/normalized/jiayi-editions.csv,UNRESOLVED,UNRESOLVED,NUMERIC_FILENAME_NO_TEXTUAL_WORK_EVIDENCE,UNRESOLVED,YES,RECOMMEND_DEFER,DEFERRED,数字文件名 10023268.pdf，无任何著作文本线索，建议延后
EDITION-HFM-A000532,10023609.pdf,content-production/normalized/jiayi-editions.csv,UNRESOLVED,UNRESOLVED,NUMERIC_FILENAME_NO_TEXTUAL_WORK_EVIDENCE,UNRESOLVED,YES,RECOMMEND_DEFER,DEFERRED,数字文件名 10023609.pdf，无任何著作文本线索，建议延后
EDITION-HFM-A000533,《甲乙经》五车楼藏板 2.pdf,content-production/normalized/jiayi-editions.csv,WORK-JIAYI,针灸甲乙经,TITLE_CONTAINS_JIAYI,HIGH,YES,PENDING_CONFIRMATION,REVIEW_REQUIRED,文件名/标题明确指向针灸甲乙经: 《甲乙经》五车楼藏板 2.pdf
EDITION-HFM-A000534,《甲乙经》五车楼藏板 3.pdf,content-production/normalized/jiayi-editions.csv,WORK-JIAYI,针灸甲乙经,TITLE_CONTAINS_JIAYI,HIGH,YES,PENDING_CONFIRMATION,REVIEW_REQUIRED,文件名/标题明确指向针灸甲乙经: 《甲乙经》五车楼藏板 3.pdf
EDITION-HFM-A000535,《甲乙经》五车楼藏板 4.pdf,content-production/normalized/jiayi-editions.csv,WORK-JIAYI,针灸甲乙经,TITLE_CONTAINS_JIAYI,HIGH,YES,PENDING_CONFIRMATION,REVIEW_REQUIRED,文件名/标题明确指向针灸甲乙经: 《甲乙经》五车楼藏板 4.pdf
EDITION-HFM-A000536,《甲乙经》五车楼藏板1.pdf,content-production/normalized/jiayi-editions.csv,WORK-JIAYI,针灸甲乙经,TITLE_CONTAINS_JIAYI,HIGH,YES,PENDING_CONFIRMATION,REVIEW_REQUIRED,文件名/标题明确指向针灸甲乙经: 《甲乙经》五车楼藏板1.pdf
EDITION-HFM-A000537,《甲乙经》行素草堂藏板清光绪卷一二.pdf,content-production/normalized/jiayi-editions.csv,WORK-JIAYI,针灸甲乙经,TITLE_CONTAINS_JIAYI,HIGH,YES,PENDING_CONFIRMATION,REVIEW_REQUIRED,文件名/标题明确指向针灸甲乙经: 《甲乙经》行素草堂藏板清光绪卷一二.pdf
EDITION-HFM-A000538,《甲乙经》行素草堂藏板清光绪卷三四.pdf,content-production/normalized/jiayi-editions.csv,WORK-JIAYI,针灸甲乙经,TITLE_CONTAINS_JIAYI,HIGH,YES,PENDING_CONFIRMATION,REVIEW_REQUIRED,文件名/标题明确指向针灸甲乙经: 《甲乙经》行素草堂藏板清光绪卷三四.pdf
EDITION-HFM-A000539,《甲乙经》行素草堂藏板清光绪卷五-七.pdf,content-production/normalized/jiayi-editions.csv,WORK-JIAYI,针灸甲乙经,TITLE_CONTAINS_JIAYI,HIGH,YES,PENDING_CONFIRMATION,REVIEW_REQUIRED,文件名/标题明确指向针灸甲乙经: 《甲乙经》行素草堂藏板清光绪卷五-七.pdf
EDITION-HFM-A000540,《甲乙经》行素草堂藏板清光绪卷八-十二.pdf,content-production/normalized/jiayi-editions.csv,WORK-JIAYI,针灸甲乙经,TITLE_CONTAINS_JIAYI,HIGH,YES,PENDING_CONFIRMATION,REVIEW_REQUIRED,文件名/标题明确指向针灸甲乙经: 《甲乙经》行素草堂藏板清光绪卷八-十二.pdf
EDITION-HFM-A000541,《针灸甲乙经、伤寒论、金匮要略、温病学》精译.pdf,content-production/normalized/jiayi-editions.csv,WORK-JIAYI,针灸甲乙经,COMPOUND_COLLECTION_TITLE_CONTAINS_JIAYI,AMBIGUOUS,YES,PENDING_DECISION,REVIEW_REQUIRED,《针灸甲乙经、伤寒论、金匮要略、温病学》精译 (合刊四书)
EDITION-HFM-A000547,《针灸甲乙经》四库全书本卷一.pdf,content-production/normalized/jiayi-editions.csv,WORK-JIAYI,针灸甲乙经,TITLE_CONTAINS_JIAYI,HIGH,YES,PENDING_CONFIRMATION,REVIEW_REQUIRED,文件名/标题明确指向针灸甲乙经: 《针灸甲乙经》四库全书本卷一.pdf
EDITION-HFM-A000548,《针灸甲乙经》四库全书本卷七.pdf,content-production/normalized/jiayi-editions.csv,WORK-JIAYI,针灸甲乙经,TITLE_CONTAINS_JIAYI,HIGH,YES,PENDING_CONFIRMATION,REVIEW_REQUIRED,文件名/标题明确指向针灸甲乙经: 《针灸甲乙经》四库全书本卷七.pdf
EDITION-HFM-A000549,《针灸甲乙经》四库全书本卷三.pdf,content-production/normalized/jiayi-editions.csv,WORK-JIAYI,针灸甲乙经,TITLE_CONTAINS_JIAYI,HIGH,YES,PENDING_CONFIRMATION,REVIEW_REQUIRED,文件名/标题明确指向针灸甲乙经: 《针灸甲乙经》四库全书本卷三.pdf
EDITION-HFM-A000550,《针灸甲乙经》四库全书本卷二.pdf,content-production/normalized/jiayi-editions.csv,WORK-JIAYI,针灸甲乙经,TITLE_CONTAINS_JIAYI,HIGH,YES,PENDING_CONFIRMATION,REVIEW_REQUIRED,文件名/标题明确指向针灸甲乙经: 《针灸甲乙经》四库全书本卷二.pdf
EDITION-HFM-A000551,《针灸甲乙经》四库全书本卷八九.pdf,content-production/normalized/jiayi-editions.csv,WORK-JIAYI,针灸甲乙经,TITLE_CONTAINS_JIAYI,HIGH,YES,PENDING_CONFIRMATION,REVIEW_REQUIRED,文件名/标题明确指向针灸甲乙经: 《针灸甲乙经》四库全书本卷八九.pdf
EDITION-HFM-A000552,《针灸甲乙经》四库全书本卷六.pdf,content-production/normalized/jiayi-editions.csv,WORK-JIAYI,针灸甲乙经,TITLE_CONTAINS_JIAYI,HIGH,YES,PENDING_CONFIRMATION,REVIEW_REQUIRED,文件名/标题明确指向针灸甲乙经: 《针灸甲乙经》四库全书本卷六.pdf
EDITION-HFM-A000553,《针灸甲乙经》四库全书本卷十至十二 (2).pdf,content-production/normalized/jiayi-editions.csv,WORK-JIAYI,针灸甲乙经,TITLE_CONTAINS_JIAYI,HIGH,YES,PENDING_CONFIRMATION,REVIEW_REQUIRED,文件名/标题明确指向针灸甲乙经: 《针灸甲乙经》四库全书本卷十至十二 (2).pdf
EDITION-HFM-A000554,《针灸甲乙经》四库全书本卷十至十二.pdf,content-production/normalized/jiayi-editions.csv,WORK-JIAYI,针灸甲乙经,TITLE_CONTAINS_JIAYI,HIGH,YES,PENDING_CONFIRMATION,REVIEW_REQUIRED,文件名/标题明确指向针灸甲乙经: 《针灸甲乙经》四库全书本卷十至十二.pdf
EDITION-HFM-A000555,《针灸甲乙经》四库全书本卷四五.pdf,content-production/normalized/jiayi-editions.csv,WORK-JIAYI,针灸甲乙经,TITLE_CONTAINS_JIAYI,HIGH,YES,PENDING_CONFIRMATION,REVIEW_REQUIRED,文件名/标题明确指向针灸甲乙经: 《针灸甲乙经》四库全书本卷四五.pdf
EDITION-HFM-A000556,《针灸甲乙经新校版》王军2005.pdf,content-production/normalized/jiayi-editions.csv,WORK-JIAYI,针灸甲乙经,TITLE_CONTAINS_JIAYI,HIGH,YES,PENDING_CONFIRMATION,REVIEW_REQUIRED,文件名/标题明确指向针灸甲乙经: 《针灸甲乙经新校版》王军2005.pdf
EDITION-HFM-A000557,《针灸甲乙经理论与实践》中国中医药出版社2017高树中.pdf,content-production/normalized/jiayi-editions.csv,WORK-JIAYI,针灸甲乙经,TITLE_CONTAINS_JIAYI,HIGH,YES,PENDING_CONFIRMATION,REVIEW_REQUIRED,文件名/标题明确指向针灸甲乙经: 《针灸甲乙经理论与实践》中国中医药出版社2017高树中.pdf
EDITION-HFM-A000558,《针灸甲乙经理论与实践》人民卫生出版社李鼎2011.pdf,content-production/normalized/jiayi-editions.csv,WORK-JIAYI,针灸甲乙经,TITLE_CONTAINS_JIAYI,HIGH,YES,PENDING_CONFIRMATION,REVIEW_REQUIRED,文件名/标题明确指向针灸甲乙经: 《针灸甲乙经理论与实践》人民卫生出版社李鼎2011.pdf
EDITION-HFM-A000559,《针灸甲乙经腧穴重辑》1982.pdf,content-production/normalized/jiayi-editions.csv,WORK-JIAYI,针灸甲乙经,TITLE_CONTAINS_JIAYI,HIGH,YES,PENDING_CONFIRMATION,REVIEW_REQUIRED,文件名/标题明确指向针灸甲乙经: 《针灸甲乙经腧穴重辑》1982.pdf
EDITION-HFM-A000560,甲乙经全册1.pdf,content-production/normalized/jiayi-editions.csv,WORK-JIAYI,针灸甲乙经,TITLE_CONTAINS_JIAYI,HIGH,YES,PENDING_CONFIRMATION,REVIEW_REQUIRED,文件名/标题明确指向针灸甲乙经: 甲乙经全册1.pdf
EDITION-HFM-A000561,甲乙经全册2.pdf,content-production/normalized/jiayi-editions.csv,WORK-JIAYI,针灸甲乙经,TITLE_CONTAINS_JIAYI,HIGH,YES,PENDING_CONFIRMATION,REVIEW_REQUIRED,文件名/标题明确指向针灸甲乙经: 甲乙经全册2.pdf
EDITION-HFM-A000562,甲乙经全册3.pdf,content-production/normalized/jiayi-editions.csv,WORK-JIAYI,针灸甲乙经,TITLE_CONTAINS_JIAYI,HIGH,YES,PENDING_CONFIRMATION,REVIEW_REQUIRED,文件名/标题明确指向针灸甲乙经: 甲乙经全册3.pdf
EDITION-HFM-A000563,甲乙经全册4.pdf,content-production/normalized/jiayi-editions.csv,WORK-JIAYI,针灸甲乙经,TITLE_CONTAINS_JIAYI,HIGH,YES,PENDING_CONFIRMATION,REVIEW_REQUIRED,文件名/标题明确指向针灸甲乙经: 甲乙经全册4.pdf
EDITION-HFM-A000564,《黄帝三部针灸甲乙经》上海科学技术出版社2017（三）.pdf,content-production/normalized/jiayi-editions.csv,WORK-JIAYI,针灸甲乙经,TITLE_CONTAINS_JIAYI,HIGH,YES,PENDING_CONFIRMATION,REVIEW_REQUIRED,文件名/标题明确指向针灸甲乙经: 《黄帝三部针灸甲乙经》上海科学技术出版社2017（三）.pdf
EDITION-HFM-A000565,《黄帝三部针灸甲乙经》上海科学技术出版社2017（二）.pdf,content-production/normalized/jiayi-editions.csv,WORK-JIAYI,针灸甲乙经,TITLE_CONTAINS_JIAYI,HIGH,YES,PENDING_CONFIRMATION,REVIEW_REQUIRED,文件名/标题明确指向针灸甲乙经: 《黄帝三部针灸甲乙经》上海科学技术出版社2017（二）.pdf
EDITION-HFM-A000566,《黄帝三部针灸甲乙经新校》学苑出版社王心远2012.pdf,content-production/normalized/jiayi-editions.csv,WORK-JIAYI,针灸甲乙经,TITLE_CONTAINS_JIAYI,HIGH,YES,PENDING_CONFIRMATION,REVIEW_REQUIRED,文件名/标题明确指向针灸甲乙经: 《黄帝三部针灸甲乙经新校》学苑出版社王心远2012.pdf
EDITION-HFM-A000567,《黄帝甲乙经》江左书林印1977曹智涵校正1.pdf,content-production/normalized/jiayi-editions.csv,WORK-JIAYI,针灸甲乙经,TITLE_CONTAINS_JIAYI,HIGH,YES,PENDING_CONFIRMATION,REVIEW_REQUIRED,文件名/标题明确指向针灸甲乙经: 《黄帝甲乙经》江左书林印1977曹智涵校正1.pdf
EDITION-HFM-A000568,《黄帝甲乙经》江左书林印1977曹智涵校正2.pdf,content-production/normalized/jiayi-editions.csv,WORK-JIAYI,针灸甲乙经,TITLE_CONTAINS_JIAYI,HIGH,YES,PENDING_CONFIRMATION,REVIEW_REQUIRED,文件名/标题明确指向针灸甲乙经: 《黄帝甲乙经》江左书林印1977曹智涵校正2.pdf
EDITION-HFM-A000569,《黄帝甲乙经》江左书林印1977曹智涵校正3.pdf,content-production/normalized/jiayi-editions.csv,WORK-JIAYI,针灸甲乙经,TITLE_CONTAINS_JIAYI,HIGH,YES,PENDING_CONFIRMATION,REVIEW_REQUIRED,文件名/标题明确指向针灸甲乙经: 《黄帝甲乙经》江左书林印1977曹智涵校正3.pdf
EDITION-HFM-A000570,《黄帝甲乙经》江左书林印1977曹智涵校正4.pdf,content-production/normalized/jiayi-editions.csv,WORK-JIAYI,针灸甲乙经,TITLE_CONTAINS_JIAYI,HIGH,YES,PENDING_CONFIRMATION,REVIEW_REQUIRED,文件名/标题明确指向针灸甲乙经: 《黄帝甲乙经》江左书林印1977曹智涵校正4.pdf
EDITION-HFM-A000571,《黄帝针灸甲乙经新校本》黄龙祥1990.pdf,content-production/normalized/jiayi-editions.csv,WORK-JIAYI,针灸甲乙经,TITLE_CONTAINS_JIAYI,HIGH,YES,PENDING_CONFIRMATION,REVIEW_REQUIRED,文件名/标题明确指向针灸甲乙经: 《黄帝针灸甲乙经新校本》黄龙祥1990.pdf
EDITION-HFM-A000573,《帝王世纪、山海经、逸周书》1996 (2).pdf,content-production/normalized/jiayi-editions.csv,WORK-DIWANG-SHIJI,帝王世纪,TITLE_CONTAINS_DIWANG_SHIJI,HIGH,YES,PENDING_CONFIRMATION,REVIEW_REQUIRED,文件名/标题明确指向帝王世纪: 《帝王世纪、山海经、逸周书》1996 (2).pdf
EDITION-HFM-A000574,《帝王世纪、山海经、逸周书》1996.pdf,content-production/normalized/jiayi-editions.csv,WORK-DIWANG-SHIJI,帝王世纪,TITLE_CONTAINS_DIWANG_SHIJI,HIGH,YES,PENDING_CONFIRMATION,REVIEW_REQUIRED,文件名/标题明确指向帝王世纪: 《帝王世纪、山海经、逸周书》1996.pdf
EDITION-HFM-A000575,《帝王世纪》中华书局.pdf,content-production/normalized/jiayi-editions.csv,WORK-DIWANG-SHIJI,帝王世纪,TITLE_CONTAINS_DIWANG_SHIJI,HIGH,YES,PENDING_CONFIRMATION,REVIEW_REQUIRED,文件名/标题明确指向帝王世纪: 《帝王世纪》中华书局.pdf
EDITION-HFM-A000576,《帝王世纪》中华民国二十五年.pdf,content-production/normalized/jiayi-editions.csv,WORK-DIWANG-SHIJI,帝王世纪,TITLE_CONTAINS_DIWANG_SHIJI,HIGH,YES,PENDING_CONFIRMATION,REVIEW_REQUIRED,文件名/标题明确指向帝王世纪: 《帝王世纪》中华民国二十五年.pdf
EDITION-HFM-A000577,《中國醫藥匯海-针灸甲乙经》北京市中国书店蔡陆仙（2）.pdf,content-production/normalized/jiayi-editions.csv,WORK-JIAYI,针灸甲乙经,TITLE_CONTAINS_JIAYI,HIGH,YES,PENDING_CONFIRMATION,REVIEW_REQUIRED,文件名/标题明确指向针灸甲乙经: 《中國醫藥匯海-针灸甲乙经》北京市中国书店蔡陆仙（2）.pdf
EDITION-HFM-A000578,《中國醫藥匯海-针灸甲乙经》蔡陆仙.pdf,content-production/normalized/jiayi-editions.csv,WORK-JIAYI,针灸甲乙经,TITLE_CONTAINS_JIAYI,HIGH,YES,PENDING_CONFIRMATION,REVIEW_REQUIRED,文件名/标题明确指向针灸甲乙经: 《中國醫藥匯海-针灸甲乙经》蔡陆仙.pdf
EDITION-HFM-A000579,《针灸甲乙经》华夏出版社2008黄龙祥校注.pdf,content-production/normalized/jiayi-editions.csv,WORK-JIAYI,针灸甲乙经,TITLE_CONTAINS_JIAYI,HIGH,YES,PENDING_CONFIRMATION,REVIEW_REQUIRED,文件名/标题明确指向针灸甲乙经: 《针灸甲乙经》华夏出版社2008黄龙祥校注.pdf
EDITION-HFM-A000580,《针灸甲乙经》商务印书馆宋林亿等校1955.pdf,content-production/normalized/jiayi-editions.csv,WORK-JIAYI,针灸甲乙经,TITLE_CONTAINS_JIAYI,HIGH,YES,PENDING_CONFIRMATION,REVIEW_REQUIRED,文件名/标题明确指向针灸甲乙经: 《针灸甲乙经》商务印书馆宋林亿等校1955.pdf
EDITION-HFM-A000581,《针灸甲乙经》学苑出版社2007刘聪.pdf,content-production/normalized/jiayi-editions.csv,WORK-JIAYI,针灸甲乙经,TITLE_CONTAINS_JIAYI,HIGH,YES,PENDING_CONFIRMATION,REVIEW_REQUIRED,文件名/标题明确指向针灸甲乙经: 《针灸甲乙经》学苑出版社2007刘聪.pdf
EDITION-HFM-A000582,《针灸甲乙经》河南科技出版社2017韩森宁张春生徐长卿点校.pdf,content-production/normalized/jiayi-editions.csv,WORK-JIAYI,针灸甲乙经,TITLE_CONTAINS_JIAYI,HIGH,YES,PENDING_CONFIRMATION,REVIEW_REQUIRED,文件名/标题明确指向针灸甲乙经: 《针灸甲乙经》河南科技出版社2017韩森宁张春生徐长卿点校.pdf
EDITION-HFM-A000583,《针灸甲乙经》福建科学技术出版社2012张玉萍.pdf,content-production/normalized/jiayi-editions.csv,WORK-JIAYI,针灸甲乙经,TITLE_CONTAINS_JIAYI,HIGH,YES,PENDING_CONFIRMATION,REVIEW_REQUIRED,文件名/标题明确指向针灸甲乙经: 《针灸甲乙经》福建科学技术出版社2012张玉萍.pdf
EDITION-HFM-A000584,《针灸甲乙经》科学技术出版社张全明校注2010.pdf,content-production/normalized/jiayi-editions.csv,WORK-JIAYI,针灸甲乙经,TITLE_CONTAINS_JIAYI,HIGH,YES,PENDING_CONFIRMATION,REVIEW_REQUIRED,文件名/标题明确指向针灸甲乙经: 《针灸甲乙经》科学技术出版社张全明校注2010.pdf
EDITION-HFM-A000585,《针灸甲乙经》第二军医大学出版社2008王勤俭校注.pdf,content-production/normalized/jiayi-editions.csv,WORK-JIAYI,针灸甲乙经,TITLE_CONTAINS_JIAYI,HIGH,YES,PENDING_CONFIRMATION,REVIEW_REQUIRED,文件名/标题明确指向针灸甲乙经: 《针灸甲乙经》第二军医大学出版社2008王勤俭校注.pdf
EDITION-HFM-A000586,《针灸甲乙经》西安交通大学出版2018吴思渊.pdf,content-production/normalized/jiayi-editions.csv,WORK-JIAYI,针灸甲乙经,TITLE_CONTAINS_JIAYI,HIGH,YES,PENDING_CONFIRMATION,REVIEW_REQUIRED,文件名/标题明确指向针灸甲乙经: 《针灸甲乙经》西安交通大学出版2018吴思渊.pdf
EDITION-HFM-A000587,《针灸甲乙经》贵州教育出版社2010贾成文.pdf,content-production/normalized/jiayi-editions.csv,WORK-JIAYI,针灸甲乙经,TITLE_CONTAINS_JIAYI,HIGH,YES,PENDING_CONFIRMATION,REVIEW_REQUIRED,文件名/标题明确指向针灸甲乙经: 《针灸甲乙经》贵州教育出版社2010贾成文.pdf
EDITION-HFM-A000588,《针灸甲乙经》鲁兆麟校1994.pdf,content-production/normalized/jiayi-editions.csv,WORK-JIAYI,针灸甲乙经,TITLE_CONTAINS_JIAYI,HIGH,YES,PENDING_CONFIRMATION,REVIEW_REQUIRED,文件名/标题明确指向针灸甲乙经: 《针灸甲乙经》鲁兆麟校1994.pdf
EDITION-HFM-A000589,《针灸甲乙经语译及腧穴临证实录》中国古籍出版社2018潘文.pdf,content-production/normalized/jiayi-editions.csv,WORK-JIAYI,针灸甲乙经,TITLE_CONTAINS_JIAYI,HIGH,YES,PENDING_CONFIRMATION,REVIEW_REQUIRED,文件名/标题明确指向针灸甲乙经: 《针灸甲乙经语译及腧穴临证实录》中国古籍出版社2018潘文.pdf
EDITION-HFM-A000590,《针灸甲乙经（一）》广州出版社陈国勇2003.pdf,content-production/normalized/jiayi-editions.csv,WORK-JIAYI,针灸甲乙经,TITLE_CONTAINS_JIAYI,HIGH,YES,PENDING_CONFIRMATION,REVIEW_REQUIRED,文件名/标题明确指向针灸甲乙经: 《针灸甲乙经（一）》广州出版社陈国勇2003.pdf
EDITION-HFM-A000591,《针灸甲乙经（一）》广州出版社陈国勇2003（2）.pdf,content-production/normalized/jiayi-editions.csv,WORK-JIAYI,针灸甲乙经,TITLE_CONTAINS_JIAYI,HIGH,YES,PENDING_CONFIRMATION,REVIEW_REQUIRED,文件名/标题明确指向针灸甲乙经: 《针灸甲乙经（一）》广州出版社陈国勇2003（2）.pdf
EDITION-HFM-A000592,《针灸甲乙经（三）》广州出版社陈国勇2003.pdf,content-production/normalized/jiayi-editions.csv,WORK-JIAYI,针灸甲乙经,TITLE_CONTAINS_JIAYI,HIGH,YES,PENDING_CONFIRMATION,REVIEW_REQUIRED,文件名/标题明确指向针灸甲乙经: 《针灸甲乙经（三）》广州出版社陈国勇2003.pdf
EDITION-HFM-A000593,《针灸甲乙经（三）》广州出版社陈国勇2003（2）.pdf,content-production/normalized/jiayi-editions.csv,WORK-JIAYI,针灸甲乙经,TITLE_CONTAINS_JIAYI,HIGH,YES,PENDING_CONFIRMATION,REVIEW_REQUIRED,文件名/标题明确指向针灸甲乙经: 《针灸甲乙经（三）》广州出版社陈国勇2003（2）.pdf
EDITION-HFM-A000594,《针灸甲乙经（二）》广州出版社陈国勇2003.pdf,content-production/normalized/jiayi-editions.csv,WORK-JIAYI,针灸甲乙经,TITLE_CONTAINS_JIAYI,HIGH,YES,PENDING_CONFIRMATION,REVIEW_REQUIRED,文件名/标题明确指向针灸甲乙经: 《针灸甲乙经（二）》广州出版社陈国勇2003.pdf
EDITION-HFM-A000595,《针灸甲乙经（二）》广州出版社陈国勇2003（2）.pdf,content-production/normalized/jiayi-editions.csv,WORK-JIAYI,针灸甲乙经,TITLE_CONTAINS_JIAYI,HIGH,YES,PENDING_CONFIRMATION,REVIEW_REQUIRED,文件名/标题明确指向针灸甲乙经: 《针灸甲乙经（二）》广州出版社陈国勇2003（2）.pdf
EDITION-HFM-A000596,《针灸甲乙经》中华书局1991.pdf,content-production/normalized/jiayi-editions.csv,WORK-JIAYI,针灸甲乙经,TITLE_CONTAINS_JIAYI,HIGH,YES,PENDING_CONFIRMATION,REVIEW_REQUIRED,文件名/标题明确指向针灸甲乙经: 《针灸甲乙经》中华书局1991.pdf
EDITION-HFM-A000597,《针灸甲乙经》中华书局1991（2）.pdf,content-production/normalized/jiayi-editions.csv,WORK-JIAYI,针灸甲乙经,TITLE_CONTAINS_JIAYI,HIGH,YES,PENDING_CONFIRMATION,REVIEW_REQUIRED,文件名/标题明确指向针灸甲乙经: 《针灸甲乙经》中华书局1991（2）.pdf
EDITION-HFM-A000598,《针灸甲乙经》中国中医药科技出版2018.pdf,content-production/normalized/jiayi-editions.csv,WORK-JIAYI,针灸甲乙经,TITLE_CONTAINS_JIAYI,HIGH,YES,PENDING_CONFIRMATION,REVIEW_REQUIRED,文件名/标题明确指向针灸甲乙经: 《针灸甲乙经》中国中医药科技出版2018.pdf
EDITION-HFM-A000599,《针灸甲乙经》中国医药科技出版2019 周琦校注.pdf,content-production/normalized/jiayi-editions.csv,WORK-JIAYI,针灸甲乙经,TITLE_CONTAINS_JIAYI,HIGH,YES,PENDING_CONFIRMATION,REVIEW_REQUIRED,文件名/标题明确指向针灸甲乙经: 《针灸甲乙经》中国医药科技出版2019 周琦校注.pdf
EDITION-HFM-A000600,《针灸甲乙经》中国医药科技出版社2011赵燕宜.pdf,content-production/normalized/jiayi-editions.csv,WORK-JIAYI,针灸甲乙经,TITLE_CONTAINS_JIAYI,HIGH,YES,PENDING_CONFIRMATION,REVIEW_REQUIRED,文件名/标题明确指向针灸甲乙经: 《针灸甲乙经》中国医药科技出版社2011赵燕宜.pdf
EDITION-HFM-A000601,《针灸甲乙经选读》中国中医药出版社何天有雒成林2010.pdf,content-production/normalized/jiayi-editions.csv,WORK-JIAYI,针灸甲乙经,TITLE_CONTAINS_JIAYI,HIGH,YES,PENDING_CONFIRMATION,REVIEW_REQUIRED,文件名/标题明确指向针灸甲乙经: 《针灸甲乙经选读》中国中医药出版社何天有雒成林2010.pdf
EDITION-HFM-A000602,《针灸甲乙经》人卫出版社1956.pdf,content-production/normalized/jiayi-editions.csv,WORK-JIAYI,针灸甲乙经,TITLE_CONTAINS_JIAYI,HIGH,YES,PENDING_CONFIRMATION,REVIEW_REQUIRED,文件名/标题明确指向针灸甲乙经: 《针灸甲乙经》人卫出版社1956.pdf
EDITION-HFM-A000603,《针灸甲乙经》人卫出版社1962.pdf,content-production/normalized/jiayi-editions.csv,WORK-JIAYI,针灸甲乙经,TITLE_CONTAINS_JIAYI,HIGH,YES,PENDING_CONFIRMATION,REVIEW_REQUIRED,文件名/标题明确指向针灸甲乙经: 《针灸甲乙经》人卫出版社1962.pdf
EDITION-HFM-A000604,《针灸甲乙经》人卫出版社2006黄龙祥整理.pdf,content-production/normalized/jiayi-editions.csv,WORK-JIAYI,针灸甲乙经,TITLE_CONTAINS_JIAYI,HIGH,YES,PENDING_CONFIRMATION,REVIEW_REQUIRED,文件名/标题明确指向针灸甲乙经: 《针灸甲乙经》人卫出版社2006黄龙祥整理.pdf
EDITION-HFM-A000605,《针灸甲乙经》人民卫生出版2017社黄龙祥整理.pdf,content-production/normalized/jiayi-editions.csv,WORK-JIAYI,针灸甲乙经,TITLE_CONTAINS_JIAYI,HIGH,YES,PENDING_CONFIRMATION,REVIEW_REQUIRED,文件名/标题明确指向针灸甲乙经: 《针灸甲乙经》人民卫生出版2017社黄龙祥整理.pdf
EDITION-HFM-A000606,《针灸甲乙经校释》山东中医学院1979上册+下册 (2).pdf,content-production/normalized/jiayi-editions.csv,WORK-JIAYI,针灸甲乙经,TITLE_CONTAINS_JIAYI,HIGH,YES,PENDING_CONFIRMATION,REVIEW_REQUIRED,文件名/标题明确指向针灸甲乙经: 《针灸甲乙经校释》山东中医学院1979上册+下册 (2).pdf
EDITION-HFM-A000607,《针灸甲乙经校释》山东中医学院1979上册+下册 (3).pdf,content-production/normalized/jiayi-editions.csv,WORK-JIAYI,针灸甲乙经,TITLE_CONTAINS_JIAYI,HIGH,YES,PENDING_CONFIRMATION,REVIEW_REQUIRED,文件名/标题明确指向针灸甲乙经: 《针灸甲乙经校释》山东中医学院1979上册+下册 (3).pdf
EDITION-HFM-A000608,《针灸甲乙经校释》山东中医学院1979上册+下册.pdf,content-production/normalized/jiayi-editions.csv,WORK-JIAYI,针灸甲乙经,TITLE_CONTAINS_JIAYI,HIGH,YES,PENDING_CONFIRMATION,REVIEW_REQUIRED,文件名/标题明确指向针灸甲乙经: 《针灸甲乙经校释》山东中医学院1979上册+下册.pdf
EDITION-HFM-A000609,《针灸甲乙经校释》山东中医学院1979上册.pdf,content-production/normalized/jiayi-editions.csv,WORK-JIAYI,针灸甲乙经,TITLE_CONTAINS_JIAYI,HIGH,YES,PENDING_CONFIRMATION,REVIEW_REQUIRED,文件名/标题明确指向针灸甲乙经: 《针灸甲乙经校释》山东中医学院1979上册.pdf
EDITION-HFM-A000610,《针灸甲乙经校释》山东中医学院1979上册（2）.pdf,content-production/normalized/jiayi-editions.csv,WORK-JIAYI,针灸甲乙经,TITLE_CONTAINS_JIAYI,HIGH,YES,PENDING_CONFIRMATION,REVIEW_REQUIRED,文件名/标题明确指向针灸甲乙经: 《针灸甲乙经校释》山东中医学院1979上册（2）.pdf
EDITION-HFM-A000611,《针灸甲乙经校释》山东中医学院2009第2版上册.pdf,content-production/normalized/jiayi-editions.csv,WORK-JIAYI,针灸甲乙经,TITLE_CONTAINS_JIAYI,HIGH,YES,PENDING_CONFIRMATION,REVIEW_REQUIRED,文件名/标题明确指向针灸甲乙经: 《针灸甲乙经校释》山东中医学院2009第2版上册.pdf
EDITION-HFM-A000612,《针灸甲乙经校释》山东中医学院2009第2版下册.pdf,content-production/normalized/jiayi-editions.csv,WORK-JIAYI,针灸甲乙经,TITLE_CONTAINS_JIAYI,HIGH,YES,PENDING_CONFIRMATION,REVIEW_REQUIRED,文件名/标题明确指向针灸甲乙经: 《针灸甲乙经校释》山东中医学院2009第2版下册.pdf
EDITION-HFM-A000613,《针灸甲乙经校注》（张灿玾、徐国千）1996（1）.pdf,content-production/normalized/jiayi-editions.csv,WORK-JIAYI,针灸甲乙经,TITLE_CONTAINS_JIAYI,HIGH,YES,PENDING_CONFIRMATION,REVIEW_REQUIRED,文件名/标题明确指向针灸甲乙经: 《针灸甲乙经校注》（张灿玾、徐国千）1996（1）.pdf
EDITION-HFM-A000614,《针灸甲乙经校注》（张灿玾、徐国千）1996（2）.pdf,content-production/normalized/jiayi-editions.csv,WORK-JIAYI,针灸甲乙经,TITLE_CONTAINS_JIAYI,HIGH,YES,PENDING_CONFIRMATION,REVIEW_REQUIRED,文件名/标题明确指向针灸甲乙经: 《针灸甲乙经校注》（张灿玾、徐国千）1996（2）.pdf
EDITION-HFM-A000615,《针灸甲乙经校注》（张灿玾、徐国千）1996（3）.pdf,content-production/normalized/jiayi-editions.csv,WORK-JIAYI,针灸甲乙经,TITLE_CONTAINS_JIAYI,HIGH,YES,PENDING_CONFIRMATION,REVIEW_REQUIRED,文件名/标题明确指向针灸甲乙经: 《针灸甲乙经校注》（张灿玾、徐国千）1996（3）.pdf
EDITION-HFM-A000616,《针灸甲乙经校注》（张灿玾、徐国千）1996（4）.pdf,content-production/normalized/jiayi-editions.csv,WORK-JIAYI,针灸甲乙经,TITLE_CONTAINS_JIAYI,HIGH,YES,PENDING_CONFIRMATION,REVIEW_REQUIRED,文件名/标题明确指向针灸甲乙经: 《针灸甲乙经校注》（张灿玾、徐国千）1996（4）.pdf
EDITION-HFM-A000617,《针灸甲乙经校注》（张灿玾、徐国千）2014(上册).pdf,content-production/normalized/jiayi-editions.csv,WORK-JIAYI,针灸甲乙经,TITLE_CONTAINS_JIAYI,HIGH,YES,PENDING_CONFIRMATION,REVIEW_REQUIRED,文件名/标题明确指向针灸甲乙经: 《针灸甲乙经校注》（张灿玾、徐国千）2014(上册).pdf
EDITION-HFM-A000618,《针灸甲乙经校注》（张灿玾、徐国千）2014(下册).pdf,content-production/normalized/jiayi-editions.csv,WORK-JIAYI,针灸甲乙经,TITLE_CONTAINS_JIAYI,HIGH,YES,PENDING_CONFIRMATION,REVIEW_REQUIRED,文件名/标题明确指向针灸甲乙经: 《针灸甲乙经校注》（张灿玾、徐国千）2014(下册).pdf
EDITION-HFM-A000619,《针灸甲乙经》白话精解王竹星2010.pdf,content-production/normalized/jiayi-editions.csv,WORK-JIAYI,针灸甲乙经,TITLE_CONTAINS_JIAYI,HIGH,YES,PENDING_CONFIRMATION,REVIEW_REQUIRED,文件名/标题明确指向针灸甲乙经: 《针灸甲乙经》白话精解王竹星2010.pdf
EDITION-HFM-A000620,《针灸甲乙经一学就通》林政宏2007.pdf,content-production/normalized/jiayi-editions.csv,WORK-JIAYI,针灸甲乙经,TITLE_CONTAINS_JIAYI,HIGH,YES,PENDING_CONFIRMATION,REVIEW_REQUIRED,文件名/标题明确指向针灸甲乙经: 《针灸甲乙经一学就通》林政宏2007.pdf
EDITION-HFM-A000621,《高士传》中华书局1985.pdf,content-production/normalized/jiayi-editions.csv,WORK-GAOSHIZHUAN,高士传,TITLE_CONTAINS_GAOSHIZHUAN,HIGH,YES,PENDING_CONFIRMATION,REVIEW_REQUIRED,文件名/标题明确指向高士传: 《高士传》中华书局1985.pdf
EDITION-HFM-A000542,《针灸甲乙经》医统正脉全书1.pdf,content-production/normalized/jiayi-editions.csv,WORK-JIAYI,针灸甲乙经,TITLE_CONTAINS_JIAYI,HIGH,YES,PENDING_CONFIRMATION,REVIEW_REQUIRED,文件名/标题明确指向针灸甲乙经: 《针灸甲乙经》医统正脉全书1.pdf
EDITION-HFM-A000543,《针灸甲乙经》医统正脉全书2.pdf,content-production/normalized/jiayi-editions.csv,WORK-JIAYI,针灸甲乙经,TITLE_CONTAINS_JIAYI,HIGH,YES,PENDING_CONFIRMATION,REVIEW_REQUIRED,文件名/标题明确指向针灸甲乙经: 《针灸甲乙经》医统正脉全书2.pdf
EDITION-HFM-A000544,《针灸甲乙经》医统正脉全书3.pdf,content-production/normalized/jiayi-editions.csv,WORK-JIAYI,针灸甲乙经,TITLE_CONTAINS_JIAYI,HIGH,YES,PENDING_CONFIRMATION,REVIEW_REQUIRED,文件名/标题明确指向针灸甲乙经: 《针灸甲乙经》医统正脉全书3.pdf
EDITION-HFM-A000545,《针灸甲乙经》医统正脉全书4.pdf,content-production/normalized/jiayi-editions.csv,WORK-JIAYI,针灸甲乙经,TITLE_CONTAINS_JIAYI,HIGH,YES,PENDING_CONFIRMATION,REVIEW_REQUIRED,文件名/标题明确指向针灸甲乙经: 《针灸甲乙经》医统正脉全书4.pdf
EDITION-HFM-A000546,《针灸甲乙经》医统正脉全书5.pdf,content-production/normalized/jiayi-editions.csv,WORK-JIAYI,针灸甲乙经,TITLE_CONTAINS_JIAYI,HIGH,YES,PENDING_CONFIRMATION,REVIEW_REQUIRED,文件名/标题明确指向针灸甲乙经: 《针灸甲乙经》医统正脉全书5.pdf
