EDITION_ID,ASSET_ID,TITLE,EDITION_TYPE,PAGES,RELATION_BASIS,RELATION_NOTE,REVIEW_STATUS
EDITION-HFM-A000529,HFM-A000529,10023266.pdf,UNKNOWN,243,,UNKNOWN,NEEDS_REVIEW
EDITION-HFM-A000530,HFM-A000530,10023267.pdf,UNKNOWN,159,,UNKNOWN,NEEDS_REVIEW
EDITION-HFM-A000531,HFM-A000531,10023268.pdf,UNKNOWN,156,,UNKNOWN,NEEDS_REVIEW
EDITION-HFM-A000532,HFM-A000532,10023609.pdf,UNKNOWN,354,,UNKNOWN,NEEDS_REVIEW
EDITION-HFM-A000533,HFM-A000533,《甲乙经》五车楼藏板 2.pdf,FACSIMILE(明万历吴勉学刻),176,,UNKNOWN,NEEDS_REVIEW
EDITION-HFM-A000534,HFM-A000534,《甲乙经》五车楼藏板 3.pdf,FACSIMILE(明万历吴勉学刻),137,,UNKNOWN,NEEDS_REVIEW
EDITION-HFM-A000535,HFM-A000535,《甲乙经》五车楼藏板 4.pdf,FACSIMILE(明万历吴勉学刻),134,,UNKNOWN,NEEDS_REVIEW
EDITION-HFM-A000536,HFM-A000536,《甲乙经》五车楼藏板1.pdf,FACSIMILE(明万历吴勉学刻),125,,UNKNOWN,NEEDS_REVIEW
EDITION-HFM-A000537,HFM-A000537,《甲乙经》行素草堂藏板清光绪卷一二.pdf,FACSIMILE(清光绪刻),132,,UNKNOWN,NEEDS_REVIEW
EDITION-HFM-A000538,HFM-A000538,《甲乙经》行素草堂藏板清光绪卷三四.pdf,FACSIMILE(清光绪刻),129,,UNKNOWN,NEEDS_REVIEW
EDITION-HFM-A000539,HFM-A000539,《甲乙经》行素草堂藏板清光绪卷五-七.pdf,FACSIMILE(清光绪刻),156,,UNKNOWN,NEEDS_REVIEW
EDITION-HFM-A000540,HFM-A000540,《甲乙经》行素草堂藏板清光绪卷八-十二.pdf,FACSIMILE(清光绪刻),169,,UNKNOWN,NEEDS_REVIEW
EDITION-HFM-A000541,HFM-A000541,《针灸甲乙经、伤寒论、金匮要略、温病学》精译.pdf,UNKNOWN,913,,UNKNOWN,NEEDS_REVIEW
EDITION-HFM-A000547,HFM-A000547,《针灸甲乙经》四库全书本卷一.pdf,FACSIMILE(清乾隆四库),102,,UNKNOWN,NEEDS_REVIEW
EDITION-HFM-A000548,HFM-A000548,《针灸甲乙经》四库全书本卷七.pdf,FACSIMILE(清乾隆四库),76,,UNKNOWN,NEEDS_REVIEW
EDITION-HFM-A000549,HFM-A000549,《针灸甲乙经》四库全书本卷三.pdf,FACSIMILE(清乾隆四库),126,,UNKNOWN,NEEDS_REVIEW
EDITION-HFM-A000550,HFM-A000550,《针灸甲乙经》四库全书本卷二.pdf,FACSIMILE(清乾隆四库),82,,UNKNOWN,NEEDS_REVIEW
EDITION-HFM-A000551,HFM-A000551,《针灸甲乙经》四库全书本卷八九.pdf,FACSIMILE(清乾隆四库),98,,UNKNOWN,NEEDS_REVIEW
EDITION-HFM-A000552,HFM-A000552,《针灸甲乙经》四库全书本卷六.pdf,FACSIMILE(清乾隆四库),76,,UNKNOWN,NEEDS_REVIEW
EDITION-HFM-A000553,HFM-A000553,《针灸甲乙经》四库全书本卷十至十二 (2).pdf,FACSIMILE(清乾隆四库),132,,UNKNOWN,NEEDS_REVIEW
EDITION-HFM-A000554,HFM-A000554,《针灸甲乙经》四库全书本卷十至十二.pdf,FACSIMILE(清乾隆四库),132,,UNKNOWN,NEEDS_REVIEW
EDITION-HFM-A000555,HFM-A000555,《针灸甲乙经》四库全书本卷四五.pdf,FACSIMILE(清乾隆四库),128,,UNKNOWN,NEEDS_REVIEW
EDITION-HFM-A000556,HFM-A000556,《针灸甲乙经新校版》王军2005.pdf,ANNOTATED_EDITION/MODERN,404,,UNKNOWN,NEEDS_REVIEW
EDITION-HFM-A000557,HFM-A000557,《针灸甲乙经理论与实践》中国中医药出版社2017高树中.pdf,ANNOTATED_EDITION/MODERN,443,,UNKNOWN,NEEDS_REVIEW
EDITION-HFM-A000558,HFM-A000558,《针灸甲乙经理论与实践》人民卫生出版社李鼎2011.pdf,ANNOTATED_EDITION/MODERN,320,,UNKNOWN,NEEDS_REVIEW
EDITION-HFM-A000559,HFM-A000559,《针灸甲乙经腧穴重辑》1982.pdf,ANNOTATED_EDITION/MODERN,370,,UNKNOWN,NEEDS_REVIEW
EDITION-HFM-A000560,HFM-A000560,甲乙经全册1.pdf,REPRINT/MODERN,213,,UNKNOWN,NEEDS_REVIEW
EDITION-HFM-A000561,HFM-A000561,甲乙经全册2.pdf,REPRINT/MODERN,144,,UNKNOWN,NEEDS_REVIEW
EDITION-HFM-A000562,HFM-A000562,甲乙经全册3.pdf,REPRINT/MODERN,124,,UNKNOWN,NEEDS_REVIEW
EDITION-HFM-A000563,HFM-A000563,甲乙经全册4.pdf,REPRINT/MODERN,96,,UNKNOWN,NEEDS_REVIEW
EDITION-HFM-A000564,HFM-A000564,《黄帝三部针灸甲乙经》上海科学技术出版社2017（三）.pdf,UNKNOWN,125,,UNKNOWN,NEEDS_REVIEW
EDITION-HFM-A000565,HFM-A000565,《黄帝三部针灸甲乙经》上海科学技术出版社2017（二）.pdf,UNKNOWN,80,,UNKNOWN,NEEDS_REVIEW
EDITION-HFM-A000566,HFM-A000566,《黄帝三部针灸甲乙经新校》学苑出版社王心远2012.pdf,ANNOTATED_EDITION/MODERN,502,,UNKNOWN,NEEDS_REVIEW
EDITION-HFM-A000567,HFM-A000567,《黄帝甲乙经》江左书林印1977曹智涵校正1.pdf,UNKNOWN,68,,UNKNOWN,NEEDS_REVIEW
EDITION-HFM-A000568,HFM-A000568,《黄帝甲乙经》江左书林印1977曹智涵校正2.pdf,UNKNOWN,89,,UNKNOWN,NEEDS_REVIEW
EDITION-HFM-A000569,HFM-A000569,《黄帝甲乙经》江左书林印1977曹智涵校正3.pdf,UNKNOWN,69,,UNKNOWN,NEEDS_REVIEW
EDITION-HFM-A000570,HFM-A000570,《黄帝甲乙经》江左书林印1977曹智涵校正4.pdf,UNKNOWN,66,,UNKNOWN,NEEDS_REVIEW
EDITION-HFM-A000571,HFM-A000571,《黄帝针灸甲乙经新校本》黄龙祥1990.pdf,ANNOTATED_EDITION/MODERN,584,,UNKNOWN,NEEDS_REVIEW
EDITION-HFM-A000573,HFM-A000573,《帝王世纪、山海经、逸周书》1996 (2).pdf,UNKNOWN,88,,UNKNOWN,NEEDS_REVIEW
EDITION-HFM-A000574,HFM-A000574,《帝王世纪、山海经、逸周书》1996.pdf,UNKNOWN,84,,UNKNOWN,NEEDS_REVIEW
EDITION-HFM-A000575,HFM-A000575,《帝王世纪》中华书局.pdf,UNKNOWN,67,,UNKNOWN,NEEDS_REVIEW
EDITION-HFM-A000576,HFM-A000576,《帝王世纪》中华民国二十五年.pdf,UNKNOWN,126,,UNKNOWN,NEEDS_REVIEW
EDITION-HFM-A000577,HFM-A000577,《中國醫藥匯海-针灸甲乙经》北京市中国书店蔡陆仙（2）.pdf,ANNOTATED_EDITION/MODERN,296,,UNKNOWN,NEEDS_REVIEW
EDITION-HFM-A000578,HFM-A000578,《中國醫藥匯海-针灸甲乙经》蔡陆仙.pdf,ANNOTATED_EDITION/MODERN,295,,UNKNOWN,NEEDS_REVIEW
EDITION-HFM-A000579,HFM-A000579,《针灸甲乙经》华夏出版社2008黄龙祥校注.pdf,ANNOTATED_EDITION/MODERN,251,,UNKNOWN,NEEDS_REVIEW
EDITION-HFM-A000580,HFM-A000580,《针灸甲乙经》商务印书馆宋林亿等校1955.pdf,ANNOTATED_EDITION/MODERN,253,,UNKNOWN,NEEDS_REVIEW
EDITION-HFM-A000581,HFM-A000581,《针灸甲乙经》学苑出版社2007刘聪.pdf,ANNOTATED_EDITION/MODERN,319,,UNKNOWN,NEEDS_REVIEW
EDITION-HFM-A000582,HFM-A000582,《针灸甲乙经》河南科技出版社2017韩森宁张春生徐长卿点校.pdf,ANNOTATED_EDITION/MODERN,232,,UNKNOWN,NEEDS_REVIEW
EDITION-HFM-A000583,HFM-A000583,《针灸甲乙经》福建科学技术出版社2012张玉萍.pdf,ANNOTATED_EDITION/MODERN,246,,UNKNOWN,NEEDS_REVIEW
EDITION-HFM-A000584,HFM-A000584,《针灸甲乙经》科学技术出版社张全明校注2010.pdf,ANNOTATED_EDITION/MODERN,512,,UNKNOWN,NEEDS_REVIEW
EDITION-HFM-A000585,HFM-A000585,《针灸甲乙经》第二军医大学出版社2008王勤俭校注.pdf,ANNOTATED_EDITION/MODERN,442,,UNKNOWN,NEEDS_REVIEW
EDITION-HFM-A000586,HFM-A000586,《针灸甲乙经》西安交通大学出版2018吴思渊.pdf,ANNOTATED_EDITION/MODERN,447,,UNKNOWN,NEEDS_REVIEW
EDITION-HFM-A000587,HFM-A000587,《针灸甲乙经》贵州教育出版社2010贾成文.pdf,ANNOTATED_EDITION/MODERN,686,,UNKNOWN,NEEDS_REVIEW
EDITION-HFM-A000588,HFM-A000588,《针灸甲乙经》鲁兆麟校1994.pdf,ANNOTATED_EDITION/MODERN,114,,UNKNOWN,NEEDS_REVIEW
EDITION-HFM-A000589,HFM-A000589,《针灸甲乙经语译及腧穴临证实录》中国古籍出版社2018潘文.pdf,ANNOTATED_EDITION/MODERN,610,,UNKNOWN,NEEDS_REVIEW
EDITION-HFM-A000590,HFM-A000590,《针灸甲乙经（一）》广州出版社陈国勇2003.pdf,ANNOTATED_EDITION/MODERN,113,,UNKNOWN,NEEDS_REVIEW
EDITION-HFM-A000591,HFM-A000591,《针灸甲乙经（一）》广州出版社陈国勇2003（2）.pdf,ANNOTATED_EDITION/MODERN,113,,UNKNOWN,NEEDS_REVIEW
EDITION-HFM-A000592,HFM-A000592,《针灸甲乙经（三）》广州出版社陈国勇2003.pdf,ANNOTATED_EDITION/MODERN,115,,UNKNOWN,NEEDS_REVIEW
EDITION-HFM-A000593,HFM-A000593,《针灸甲乙经（三）》广州出版社陈国勇2003（2）.pdf,ANNOTATED_EDITION/MODERN,115,,UNKNOWN,NEEDS_REVIEW
EDITION-HFM-A000594,HFM-A000594,《针灸甲乙经（二）》广州出版社陈国勇2003.pdf,ANNOTATED_EDITION/MODERN,114,,UNKNOWN,NEEDS_REVIEW
EDITION-HFM-A000595,HFM-A000595,《针灸甲乙经（二）》广州出版社陈国勇2003（2）.pdf,ANNOTATED_EDITION/MODERN,114,,UNKNOWN,NEEDS_REVIEW
EDITION-HFM-A000596,HFM-A000596,《针灸甲乙经》中华书局1991.pdf,ANNOTATED_EDITION/MODERN,263,,UNKNOWN,NEEDS_REVIEW
EDITION-HFM-A000597,HFM-A000597,《针灸甲乙经》中华书局1991（2）.pdf,ANNOTATED_EDITION/MODERN,143,,UNKNOWN,NEEDS_REVIEW
EDITION-HFM-A000598,HFM-A000598,《针灸甲乙经》中国中医药科技出版2018.pdf,ANNOTATED_EDITION/MODERN,288,,UNKNOWN,NEEDS_REVIEW
EDITION-HFM-A000599,HFM-A000599,《针灸甲乙经》中国医药科技出版2019 周琦校注.pdf,ANNOTATED_EDITION/MODERN,406,,UNKNOWN,NEEDS_REVIEW
EDITION-HFM-A000600,HFM-A000600,《针灸甲乙经》中国医药科技出版社2011赵燕宜.pdf,ANNOTATED_EDITION/MODERN,332,,UNKNOWN,NEEDS_REVIEW
EDITION-HFM-A000601,HFM-A000601,《针灸甲乙经选读》中国中医药出版社何天有雒成林2010.pdf,ANNOTATED_EDITION/MODERN,389,,UNKNOWN,NEEDS_REVIEW
EDITION-HFM-A000602,HFM-A000602,《针灸甲乙经》人卫出版社1956.pdf,ANNOTATED_EDITION/MODERN,159,,UNKNOWN,NEEDS_REVIEW
EDITION-HFM-A000603,HFM-A000603,《针灸甲乙经》人卫出版社1962.pdf,ANNOTATED_EDITION/MODERN,289,,UNKNOWN,NEEDS_REVIEW
EDITION-HFM-A000604,HFM-A000604,《针灸甲乙经》人卫出版社2006黄龙祥整理.pdf,ANNOTATED_EDITION/MODERN,352,,UNKNOWN,NEEDS_REVIEW
EDITION-HFM-A000605,HFM-A000605,《针灸甲乙经》人民卫生出版2017社黄龙祥整理.pdf,ANNOTATED_EDITION/MODERN,401,,UNKNOWN,NEEDS_REVIEW
EDITION-HFM-A000606,HFM-A000606,《针灸甲乙经校释》山东中医学院1979上册+下册 (2).pdf,ANNOTATED_EDITION/MODERN,1531,,UNKNOWN,NEEDS_REVIEW
EDITION-HFM-A000607,HFM-A000607,《针灸甲乙经校释》山东中医学院1979上册+下册 (3).pdf,ANNOTATED_EDITION/MODERN,1531,,UNKNOWN,NEEDS_REVIEW
EDITION-HFM-A000608,HFM-A000608,《针灸甲乙经校释》山东中医学院1979上册+下册.pdf,ANNOTATED_EDITION/MODERN,1531,,UNKNOWN,NEEDS_REVIEW
EDITION-HFM-A000609,HFM-A000609,《针灸甲乙经校释》山东中医学院1979上册.pdf,ANNOTATED_EDITION/MODERN,765,,UNKNOWN,NEEDS_REVIEW
EDITION-HFM-A000610,HFM-A000610,《针灸甲乙经校释》山东中医学院1979上册（2）.pdf,ANNOTATED_EDITION/MODERN,765,,UNKNOWN,NEEDS_REVIEW
EDITION-HFM-A000611,HFM-A000611,《针灸甲乙经校释》山东中医学院2009第2版上册.pdf,ANNOTATED_EDITION/MODERN,601,,UNKNOWN,NEEDS_REVIEW
EDITION-HFM-A000612,HFM-A000612,《针灸甲乙经校释》山东中医学院2009第2版下册.pdf,ANNOTATED_EDITION/MODERN,594,,UNKNOWN,NEEDS_REVIEW
EDITION-HFM-A000613,HFM-A000613,《针灸甲乙经校注》（张灿玾、徐国千）1996（1）.pdf,ANNOTATED_EDITION/MODERN,1116,,UNKNOWN,NEEDS_REVIEW
EDITION-HFM-A000614,HFM-A000614,《针灸甲乙经校注》（张灿玾、徐国千）1996（2）.pdf,ANNOTATED_EDITION/MODERN,1116,,UNKNOWN,NEEDS_REVIEW
EDITION-HFM-A000615,HFM-A000615,《针灸甲乙经校注》（张灿玾、徐国千）1996（3）.pdf,ANNOTATED_EDITION/MODERN,970,,UNKNOWN,NEEDS_REVIEW
EDITION-HFM-A000616,HFM-A000616,《针灸甲乙经校注》（张灿玾、徐国千）1996（4）.pdf,ANNOTATED_EDITION/MODERN,2039,,UNKNOWN,NEEDS_REVIEW
EDITION-HFM-A000617,HFM-A000617,《针灸甲乙经校注》（张灿玾、徐国千）2014(上册).pdf,ANNOTATED_EDITION/MODERN,800,,UNKNOWN,NEEDS_REVIEW
EDITION-HFM-A000618,HFM-A000618,《针灸甲乙经校注》（张灿玾、徐国千）2014(下册).pdf,ANNOTATED_EDITION/MODERN,674,,UNKNOWN,NEEDS_REVIEW
EDITION-HFM-A000619,HFM-A000619,《针灸甲乙经》白话精解王竹星2010.pdf,MODERN_EDITION,557,,UNKNOWN,NEEDS_REVIEW
EDITION-HFM-A000620,HFM-A000620,《针灸甲乙经一学就通》林政宏2007.pdf,MODERN_EDITION,209,,UNKNOWN,NEEDS_REVIEW
EDITION-HFM-A000621,HFM-A000621,《高士传》中华书局1985.pdf,UNKNOWN,128,,UNKNOWN,NEEDS_REVIEW
EDITION-HFM-A000542,HFM-A000542,《针灸甲乙经》医统正脉全书1.pdf,"FACSIMILE(丛书影印,1601)",162,,UNKNOWN,NEEDS_REVIEW
EDITION-HFM-A000543,HFM-A000543,《针灸甲乙经》医统正脉全书2.pdf,"FACSIMILE(丛书影印,1601)",163,,UNKNOWN,NEEDS_REVIEW
EDITION-HFM-A000544,HFM-A000544,《针灸甲乙经》医统正脉全书3.pdf,"FACSIMILE(丛书影印,1601)",127,,UNKNOWN,NEEDS_REVIEW
EDITION-HFM-A000545,HFM-A000545,《针灸甲乙经》医统正脉全书4.pdf,"FACSIMILE(丛书影印,1601)",156,,UNKNOWN,NEEDS_REVIEW
EDITION-HFM-A000546,HFM-A000546,《针灸甲乙经》医统正脉全书5.pdf,"FACSIMILE(丛书影印,1601)",121,,UNKNOWN,NEEDS_REVIEW
