PAPER_ID,TITLE,AUTHOR,YEAR,JOURNAL,KEYWORDS,SUBJECT,RELATED_PERSON,RELATED_JIAYI_SECTION,SOURCE_ASSET_ID
PAPER-HFM-A000013,1-《针灸甲乙经》的读法,UNKNOWN,UNKNOWN,UNKNOWN,UNKNOWN,甲乙经,,UNKNOWN,HFM-A000013
PAPER-HFM-A000014,10-《针灸甲乙经》论治不孕症探析,UNKNOWN,UNKNOWN,UNKNOWN,UNKNOWN,甲乙经,,UNKNOWN,HFM-A000014
PAPER-HFM-A000015,100-《针灸甲乙经》中胸胁满痛的治疗特色探赜,UNKNOWN,UNKNOWN,UNKNOWN,UNKNOWN,甲乙经,,UNKNOWN,HFM-A000015
PAPER-HFM-A000016,101-《针灸甲乙经》诊治目病的学术特色探析,UNKNOWN,UNKNOWN,UNKNOWN,UNKNOWN,甲乙经,,UNKNOWN,HFM-A000016
PAPER-HFM-A000017,102-《针灸甲乙经》治疗耳鸣耳聋的特点分析,UNKNOWN,UNKNOWN,UNKNOWN,UNKNOWN,甲乙经,,UNKNOWN,HFM-A000017
PAPER-HFM-A000018,104-《针灸甲乙经》学术思想及针灸治疗癫痫的探究,UNKNOWN,UNKNOWN,UNKNOWN,UNKNOWN,甲乙经,,UNKNOWN,HFM-A000018
PAPER-HFM-A000019,106-浅析《针灸甲乙经》对背俞穴的认识与应用,UNKNOWN,UNKNOWN,UNKNOWN,UNKNOWN,甲乙经,,UNKNOWN,HFM-A000019
PAPER-HFM-A000020,107-《针灸甲乙经》刺络疗法操作方法特点初探,UNKNOWN,UNKNOWN,UNKNOWN,UNKNOWN,甲乙经,,UNKNOWN,HFM-A000020
PAPER-HFM-A000021,108-探索《针灸甲乙经》中针灸治疗狂证的经络运用规律,UNKNOWN,UNKNOWN,UNKNOWN,UNKNOWN,甲乙经,,UNKNOWN,HFM-A000021
PAPER-HFM-A000022,109-《针灸大成》对《针灸甲乙经》针刺理论的继承与发展,UNKNOWN,UNKNOWN,UNKNOWN,UNKNOWN,甲乙经,,UNKNOWN,HFM-A000022
PAPER-HFM-A000023,11-《针灸甲乙经》处方配穴特点分析,UNKNOWN,UNKNOWN,UNKNOWN,UNKNOWN,甲乙经,,UNKNOWN,HFM-A000023
PAPER-HFM-A000024,111-探讨《针灸甲乙经》对针刺治疗精神疾病的认识及论治,UNKNOWN,UNKNOWN,UNKNOWN,UNKNOWN,甲乙经,,UNKNOWN,HFM-A000024
PAPER-HFM-A000025,113-浅述《针灸甲乙经》腧穴刺灸学成就,UNKNOWN,UNKNOWN,UNKNOWN,UNKNOWN,甲乙经,,UNKNOWN,HFM-A000025
PAPER-HFM-A000026,116-探索《针灸甲乙经》中针灸治疗癫证的特定穴运用规律,UNKNOWN,UNKNOWN,UNKNOWN,UNKNOWN,甲乙经,,UNKNOWN,HFM-A000026
PAPER-HFM-A000027,12-基于《针灸甲乙经》探讨上巨虚的临床作用,UNKNOWN,UNKNOWN,UNKNOWN,UNKNOWN,甲乙经,,UNKNOWN,HFM-A000027
PAPER-HFM-A000028,120-基于数据挖掘《针灸甲乙经》针刺处方及其腧穴配伍规律的研究,UNKNOWN,UNKNOWN,UNKNOWN,UNKNOWN,甲乙经,,UNKNOWN,HFM-A000028
PAPER-HFM-A000029,121-探索《针灸甲乙经》中针灸治疗小儿痫证的经络运用规律,UNKNOWN,UNKNOWN,UNKNOWN,UNKNOWN,甲乙经,,UNKNOWN,HFM-A000029
PAPER-HFM-A000030,125-吴春平教授运用《针灸甲乙经》中针刺处方治疗心系疾病经验,UNKNOWN,UNKNOWN,UNKNOWN,UNKNOWN,甲乙经,,UNKNOWN,HFM-A000030
PAPER-HFM-A000031,129-探索《针灸甲乙经》中针灸治疗小儿痫证的特定穴运用规律,UNKNOWN,UNKNOWN,UNKNOWN,UNKNOWN,甲乙经,,UNKNOWN,HFM-A000031
PAPER-HFM-A000032,13-《针灸甲乙经》治疗失音的理论分析,UNKNOWN,UNKNOWN,UNKNOWN,UNKNOWN,甲乙经,,UNKNOWN,HFM-A000032
PAPER-HFM-A000033,130-《黄帝内经》和《针灸甲乙经》中安全针刺操作要素的初步研究,UNKNOWN,UNKNOWN,UNKNOWN,UNKNOWN,甲乙经,,UNKNOWN,HFM-A000033
PAPER-HFM-A000034,135-皇甫宏著承先启后——晋朝高秀皇甫谧及其《针灸甲乙经》,UNKNOWN,UNKNOWN,UNKNOWN,UNKNOWN,甲乙经,皇甫谧,UNKNOWN,HFM-A000034
PAPER-HFM-A000035,14-《针灸甲乙经》语词杂释,UNKNOWN,UNKNOWN,UNKNOWN,UNKNOWN,甲乙经,,UNKNOWN,HFM-A000035
PAPER-HFM-A000036,148-白浊的出处是《针灸甲乙经》,UNKNOWN,UNKNOWN,UNKNOWN,UNKNOWN,甲乙经,,UNKNOWN,HFM-A000036
PAPER-HFM-A000037,15-《针灸甲乙经》便秘治疗的源流探析,UNKNOWN,UNKNOWN,UNKNOWN,UNKNOWN,甲乙经,,UNKNOWN,HFM-A000037
PAPER-HFM-A000038,150《针灸甲乙经》_脉动(病)发_理论在眼科疾病治疗中的应用探析,UNKNOWN,UNKNOWN,UNKNOWN,UNKNOWN,甲乙经,,UNKNOWN,HFM-A000038
PAPER-HFM-A000039,155-《针灸甲乙经》对《内经》针刺_治神_思想的阐发及后世医家传承浅析,UNKNOWN,UNKNOWN,UNKNOWN,UNKNOWN,甲乙经,,UNKNOWN,HFM-A000039
PAPER-HFM-A000040,156-《针灸甲乙经》配穴特点分析,UNKNOWN,UNKNOWN,UNKNOWN,UNKNOWN,甲乙经,,UNKNOWN,HFM-A000040
PAPER-HFM-A000041,159-《针灸甲乙经》数字化整理研究初探,UNKNOWN,UNKNOWN,UNKNOWN,UNKNOWN,甲乙经,,UNKNOWN,HFM-A000041
PAPER-HFM-A000042,16-《针灸甲乙经》经典理论的现代价值探析,UNKNOWN,UNKNOWN,UNKNOWN,UNKNOWN,甲乙经,,UNKNOWN,HFM-A000042
PAPER-HFM-A000043,164-《针灸甲乙经》中针灸处方的概念,UNKNOWN,UNKNOWN,UNKNOWN,UNKNOWN,甲乙经,,UNKNOWN,HFM-A000043
PAPER-HFM-A000044,165-皇甫谧与《针灸甲乙经》,UNKNOWN,UNKNOWN,UNKNOWN,UNKNOWN,甲乙经,皇甫谧,UNKNOWN,HFM-A000044
PAPER-HFM-A000046,17-论《针灸甲乙经》对脉诊的贡献,UNKNOWN,UNKNOWN,UNKNOWN,UNKNOWN,甲乙经,,UNKNOWN,HFM-A000046
PAPER-HFM-A000047,173-《针灸甲乙经》数字化整理研究初探,UNKNOWN,UNKNOWN,UNKNOWN,UNKNOWN,甲乙经,,UNKNOWN,HFM-A000047
PAPER-HFM-A000048,176-《针灸甲乙经》中针灸处方的概念,UNKNOWN,UNKNOWN,UNKNOWN,UNKNOWN,甲乙经,,UNKNOWN,HFM-A000048
PAPER-HFM-A000050,179-皇甫谧与《针灸甲乙经》,UNKNOWN,UNKNOWN,UNKNOWN,UNKNOWN,甲乙经,皇甫谧,UNKNOWN,HFM-A000050
PAPER-HFM-A000051,182-探索《针灸甲乙经》中针灸治疗癫证的经络运用规律,UNKNOWN,UNKNOWN,UNKNOWN,UNKNOWN,甲乙经,,UNKNOWN,HFM-A000051
PAPER-HFM-A000052,184-浅谈《针灸甲乙经》对于失眠的治疗特点,UNKNOWN,UNKNOWN,UNKNOWN,UNKNOWN,甲乙经,,UNKNOWN,HFM-A000052
PAPER-HFM-A000053,186-论《针灸甲乙经》以部列穴的临床价值,UNKNOWN,UNKNOWN,UNKNOWN,UNKNOWN,甲乙经,,UNKNOWN,HFM-A000053
PAPER-HFM-A000054,187-《针灸甲乙经校释》对皇甫谧自序中_其他_校改的商榷,UNKNOWN,UNKNOWN,UNKNOWN,UNKNOWN,甲乙经,皇甫谧,UNKNOWN,HFM-A000054
PAPER-HFM-A000055,19-《针灸甲乙经》神志病治疗思路浅析,UNKNOWN,UNKNOWN,UNKNOWN,UNKNOWN,甲乙经,,UNKNOWN,HFM-A000055
PAPER-HFM-A000056,190-《甲乙经》的组织结构与针灸学术意义,UNKNOWN,UNKNOWN,UNKNOWN,UNKNOWN,甲乙经,,UNKNOWN,HFM-A000056
PAPER-HFM-A000057,191-《针灸甲乙经》_上星穴方_学术思想探析,UNKNOWN,UNKNOWN,UNKNOWN,UNKNOWN,甲乙经,,UNKNOWN,HFM-A000057
PAPER-HFM-A000058,192-简析_针灸甲乙经_中的禁(慎)针禁(慎)灸腧穴,UNKNOWN,UNKNOWN,UNKNOWN,UNKNOWN,甲乙经,,UNKNOWN,HFM-A000058
PAPER-HFM-A000059,193-《针灸甲乙经》妇人杂病辨证论治规律的探析,UNKNOWN,UNKNOWN,UNKNOWN,UNKNOWN,甲乙经,,UNKNOWN,HFM-A000059
PAPER-HFM-A000060,194-《针灸甲乙经》中_上星穴方_浅析,UNKNOWN,UNKNOWN,UNKNOWN,UNKNOWN,甲乙经,,UNKNOWN,HFM-A000060
PAPER-HFM-A000061,195-《针灸甲乙经》中不孕治疗经验探析,UNKNOWN,UNKNOWN,UNKNOWN,UNKNOWN,甲乙经,,UNKNOWN,HFM-A000061
PAPER-HFM-A000062,196-《针灸甲乙经》中妇科疾病的取穴规律探析,UNKNOWN,UNKNOWN,UNKNOWN,UNKNOWN,甲乙经,,UNKNOWN,HFM-A000062
PAPER-HFM-A000063,197-《针灸甲乙经》痹证治疗浅析,UNKNOWN,UNKNOWN,UNKNOWN,UNKNOWN,甲乙经,,UNKNOWN,HFM-A000063
PAPER-HFM-A000064,2-《针灸甲乙经》的章法,UNKNOWN,UNKNOWN,UNKNOWN,UNKNOWN,甲乙经,,UNKNOWN,HFM-A000064
PAPER-HFM-A000065,20-论《针灸甲乙经》特定穴的学术价值,UNKNOWN,UNKNOWN,UNKNOWN,UNKNOWN,甲乙经,,UNKNOWN,HFM-A000065
PAPER-HFM-A000066,201-《甲乙经》析疑五则,UNKNOWN,UNKNOWN,UNKNOWN,UNKNOWN,甲乙经,,UNKNOWN,HFM-A000066
PAPER-HFM-A000067,205-推测《针灸甲乙经》的编撰思路和方法,UNKNOWN,UNKNOWN,UNKNOWN,UNKNOWN,甲乙经,,UNKNOWN,HFM-A000067
PAPER-HFM-A000068,206-《明堂孔穴针灸治要》书名质疑,UNKNOWN,UNKNOWN,UNKNOWN,UNKNOWN,甲乙经,,UNKNOWN,HFM-A000068
PAPER-HFM-A000069,207-基于脉动(病)发理论探讨小儿视神经萎缩的针灸治疗,UNKNOWN,UNKNOWN,UNKNOWN,UNKNOWN,甲乙经,,UNKNOWN,HFM-A000069
PAPER-HFM-A000070,208-针灸治疗头痛的辨证思路演变,UNKNOWN,UNKNOWN,UNKNOWN,UNKNOWN,甲乙经,,UNKNOWN,HFM-A000070
PAPER-HFM-A000071,209-正确和完整解读《甲乙经》的学术思想——《甲乙经》析疑五则,UNKNOWN,UNKNOWN,UNKNOWN,UNKNOWN,甲乙经,,UNKNOWN,HFM-A000071
PAPER-HFM-A000072,21-《针灸甲乙经》重言考释,UNKNOWN,UNKNOWN,UNKNOWN,UNKNOWN,甲乙经,,UNKNOWN,HFM-A000072
PAPER-HFM-A000073,211-基于针灸教材的针灸理论体系比较,UNKNOWN,UNKNOWN,UNKNOWN,UNKNOWN,甲乙经,,UNKNOWN,HFM-A000073
PAPER-HFM-A000074,212-针灸治疗腰痛的溯源寻微,UNKNOWN,UNKNOWN,UNKNOWN,UNKNOWN,甲乙经,,UNKNOWN,HFM-A000074
PAPER-HFM-A000075,214-甘肃——针灸医学的发祥地之一,UNKNOWN,UNKNOWN,UNKNOWN,UNKNOWN,甲乙经,,UNKNOWN,HFM-A000075
PAPER-HFM-A000076,215-浅谈针灸标准制定问题,UNKNOWN,UNKNOWN,UNKNOWN,UNKNOWN,甲乙经,,UNKNOWN,HFM-A000076
PAPER-HFM-A000077,216-中医研究生《针灸流派概论》教材的编写意义,UNKNOWN,UNKNOWN,UNKNOWN,UNKNOWN,甲乙经,,UNKNOWN,HFM-A000077
PAPER-HFM-A000078,217-《甲乙经》腹部腧穴针刺深浅及其在腹针疗法中的意义,UNKNOWN,UNKNOWN,UNKNOWN,UNKNOWN,甲乙经,,UNKNOWN,HFM-A000078
PAPER-HFM-A000079,218-影响针灸疗效的因素古今说,UNKNOWN,UNKNOWN,UNKNOWN,UNKNOWN,甲乙经,,UNKNOWN,HFM-A000079
PAPER-HFM-A000080,219-《甲乙经》明代传本勘误(续完),UNKNOWN,UNKNOWN,UNKNOWN,UNKNOWN,甲乙经,,UNKNOWN,HFM-A000080
PAPER-HFM-A000081,22-《针灸甲乙经》从脾论治抑郁症学术思想探析,UNKNOWN,UNKNOWN,UNKNOWN,UNKNOWN,甲乙经,,UNKNOWN,HFM-A000081
PAPER-HFM-A000082,220-《甲乙经》天突、璇玑、华盖位置考证,UNKNOWN,UNKNOWN,UNKNOWN,UNKNOWN,甲乙经,,UNKNOWN,HFM-A000082
PAPER-HFM-A000083,221-浅析《千金方》的针灸学术思想,UNKNOWN,UNKNOWN,UNKNOWN,UNKNOWN,甲乙经,,UNKNOWN,HFM-A000083
PAPER-HFM-A000084,222-浅论中原针灸的学术特色,UNKNOWN,UNKNOWN,UNKNOWN,UNKNOWN,甲乙经,,UNKNOWN,HFM-A000084
PAPER-HFM-A000085,224-针灸治疗2型糖尿病研究进展,UNKNOWN,UNKNOWN,UNKNOWN,UNKNOWN,甲乙经,,UNKNOWN,HFM-A000085
PAPER-HFM-A000086,225-三才理论在针灸治疗热病中的应用探讨,UNKNOWN,UNKNOWN,UNKNOWN,UNKNOWN,甲乙经,,UNKNOWN,HFM-A000086
PAPER-HFM-A000087,226-《针灸资生经》发灸疮要旨浅析,UNKNOWN,UNKNOWN,UNKNOWN,UNKNOWN,甲乙经,,UNKNOWN,HFM-A000087
PAPER-HFM-A000088,228-从南京医学院针灸铜人到《经络腧穴学》的经穴定位演变举隅,UNKNOWN,UNKNOWN,UNKNOWN,UNKNOWN,甲乙经,,UNKNOWN,HFM-A000088
PAPER-HFM-A000089,229-《针灸逢源》灸法探析,UNKNOWN,UNKNOWN,UNKNOWN,UNKNOWN,甲乙经,,UNKNOWN,HFM-A000089
PAPER-HFM-A000090,23-《针灸甲乙经》论治头痛探析,UNKNOWN,UNKNOWN,UNKNOWN,UNKNOWN,甲乙经,,UNKNOWN,HFM-A000090
PAPER-HFM-A000091,230-近5年脑梗死的针灸治疗研究现状,UNKNOWN,UNKNOWN,UNKNOWN,UNKNOWN,甲乙经,,UNKNOWN,HFM-A000091
PAPER-HFM-A000092,231-针灸治疗急重症举隅,UNKNOWN,UNKNOWN,UNKNOWN,UNKNOWN,甲乙经,,UNKNOWN,HFM-A000092
PAPER-HFM-A000093,232-针灸治疗2型糖尿病35例,UNKNOWN,UNKNOWN,UNKNOWN,UNKNOWN,甲乙经,,UNKNOWN,HFM-A000093
PAPER-HFM-A000094,233-《针灸大成》肾俞穴临床应用浅析,UNKNOWN,UNKNOWN,UNKNOWN,UNKNOWN,甲乙经,,UNKNOWN,HFM-A000094
PAPER-HFM-A000095,234-针灸治疗肩周炎临床进展,UNKNOWN,UNKNOWN,UNKNOWN,UNKNOWN,甲乙经,,UNKNOWN,HFM-A000095
PAPER-HFM-A000096,235-辞书学与针灸推拿辞书的编纂,UNKNOWN,UNKNOWN,UNKNOWN,UNKNOWN,甲乙经,,UNKNOWN,HFM-A000096
PAPER-HFM-A000097,236-针灸治疗失眠症的古籍配穴处方探究,UNKNOWN,UNKNOWN,UNKNOWN,UNKNOWN,甲乙经,,UNKNOWN,HFM-A000097
PAPER-HFM-A000098,237-以中兽医理论为基础发扬光大动物针灸技术,UNKNOWN,UNKNOWN,UNKNOWN,UNKNOWN,甲乙经,,UNKNOWN,HFM-A000098
PAPER-HFM-A000099,238-《甲乙经》对《难经》的引用,UNKNOWN,UNKNOWN,UNKNOWN,UNKNOWN,甲乙经,,UNKNOWN,HFM-A000099
PAPER-HFM-A000100,239-耳鼻咽喉科针灸疗法历史源流探讨,UNKNOWN,UNKNOWN,UNKNOWN,UNKNOWN,甲乙经,,UNKNOWN,HFM-A000100
PAPER-HFM-A000101,24-《针灸甲乙经》委中穴考证,UNKNOWN,UNKNOWN,UNKNOWN,UNKNOWN,甲乙经,,UNKNOWN,HFM-A000101
PAPER-HFM-A000102,240-针灸治疗糖尿病周围神经病变机制研究进展,UNKNOWN,UNKNOWN,UNKNOWN,UNKNOWN,甲乙经,,UNKNOWN,HFM-A000102
PAPER-HFM-A000103,241-《针灸大成》主要学术思想及其影响探索,UNKNOWN,UNKNOWN,UNKNOWN,UNKNOWN,甲乙经,,UNKNOWN,HFM-A000103
PAPER-HFM-A000104,242-杨继洲及其《针灸大成》的学术思想浅析,UNKNOWN,UNKNOWN,UNKNOWN,UNKNOWN,甲乙经,,UNKNOWN,HFM-A000104
PAPER-HFM-A000105,243-_百会_穴针灸治疗临床体会,UNKNOWN,UNKNOWN,UNKNOWN,UNKNOWN,甲乙经,,UNKNOWN,HFM-A000105
PAPER-HFM-A000106,244-《国际针灸学教程》序,UNKNOWN,UNKNOWN,UNKNOWN,UNKNOWN,甲乙经,,UNKNOWN,HFM-A000106
PAPER-HFM-A000107,245-长安医学针灸学说的创建与传承发展,UNKNOWN,UNKNOWN,UNKNOWN,UNKNOWN,甲乙经,,UNKNOWN,HFM-A000107
PAPER-HFM-A000108,25-《针灸甲乙经》论治遗溺经验,UNKNOWN,UNKNOWN,UNKNOWN,UNKNOWN,甲乙经,,UNKNOWN,HFM-A000108
PAPER-HFM-A000109,251-《铜人腧穴针灸图经》腧穴归经探析,UNKNOWN,UNKNOWN,UNKNOWN,UNKNOWN,甲乙经,,UNKNOWN,HFM-A000109
PAPER-HFM-A000110,252-初谈针灸处方的原则与取穴规律,UNKNOWN,UNKNOWN,UNKNOWN,UNKNOWN,甲乙经,,UNKNOWN,HFM-A000110
PAPER-HFM-A000111,253-针灸补泻手法初探,UNKNOWN,UNKNOWN,UNKNOWN,UNKNOWN,甲乙经,,UNKNOWN,HFM-A000111
PAPER-HFM-A000112,255-浅谈《甲乙经》论治痿证,UNKNOWN,UNKNOWN,UNKNOWN,UNKNOWN,甲乙经,,UNKNOWN,HFM-A000112
PAPER-HFM-A000113,26-《针灸甲乙经》治疗腰痛特点分析,UNKNOWN,UNKNOWN,UNKNOWN,UNKNOWN,甲乙经,,UNKNOWN,HFM-A000113
PAPER-HFM-A000114,263-从现代针灸临床应用探析古代禁针禁灸经穴,UNKNOWN,UNKNOWN,UNKNOWN,UNKNOWN,甲乙经,,UNKNOWN,HFM-A000114
PAPER-HFM-A000115,265-王执中《针灸资生经》学术思想浅析,UNKNOWN,UNKNOWN,UNKNOWN,UNKNOWN,甲乙经,,UNKNOWN,HFM-A000115
PAPER-HFM-A000116,27-浅谈《针灸甲乙经》的学术价值,UNKNOWN,UNKNOWN,UNKNOWN,UNKNOWN,甲乙经,,UNKNOWN,HFM-A000116
PAPER-HFM-A000117,289-《素问》《灵枢》《太素》《甲乙经》异文例释,UNKNOWN,UNKNOWN,UNKNOWN,UNKNOWN,甲乙经,,UNKNOWN,HFM-A000117
PAPER-HFM-A000118,29-浅析《针灸甲乙经》之痉证,UNKNOWN,UNKNOWN,UNKNOWN,UNKNOWN,甲乙经,,UNKNOWN,HFM-A000118
PAPER-HFM-A000119,295-针灸“人神禁忌”学说中的“尻神”辨误,UNKNOWN,UNKNOWN,UNKNOWN,UNKNOWN,甲乙经,,UNKNOWN,HFM-A000119
PAPER-HFM-A000120,296-王执中针灸学术思想探微,UNKNOWN,UNKNOWN,UNKNOWN,UNKNOWN,甲乙经,,UNKNOWN,HFM-A000120
PAPER-HFM-A000121,297-针灸疗法治疗缺乳症52例疗效观察,UNKNOWN,UNKNOWN,UNKNOWN,UNKNOWN,甲乙经,,UNKNOWN,HFM-A000121
PAPER-HFM-A000122,3-《针灸甲乙经》月经病治疗,UNKNOWN,UNKNOWN,UNKNOWN,UNKNOWN,甲乙经,,UNKNOWN,HFM-A000122
PAPER-HFM-A000123,30-《针灸甲乙经》研究现状的分析,UNKNOWN,UNKNOWN,UNKNOWN,UNKNOWN,甲乙经,,UNKNOWN,HFM-A000123
PAPER-HFM-A000124,305-针灸治疗视神经萎缩1例报道,UNKNOWN,UNKNOWN,UNKNOWN,UNKNOWN,甲乙经,,UNKNOWN,HFM-A000124
PAPER-HFM-A000125,31-《针灸甲乙经》中痿证的论述,UNKNOWN,UNKNOWN,UNKNOWN,UNKNOWN,甲乙经,,UNKNOWN,HFM-A000125
PAPER-HFM-A000126,32-《黄帝三部针灸甲乙经》题名解,UNKNOWN,UNKNOWN,UNKNOWN,UNKNOWN,甲乙经,,UNKNOWN,HFM-A000126
PAPER-HFM-A000127,33-浅析《针灸甲乙经》对募穴的贡献,UNKNOWN,UNKNOWN,UNKNOWN,UNKNOWN,甲乙经,,UNKNOWN,HFM-A000127
PAPER-HFM-A000128,330-近十年国内郄穴的临床研究进展,UNKNOWN,UNKNOWN,UNKNOWN,UNKNOWN,甲乙经,,UNKNOWN,HFM-A000128
PAPER-HFM-A000129,331-十二经水刍议,UNKNOWN,UNKNOWN,UNKNOWN,UNKNOWN,甲乙经,,UNKNOWN,HFM-A000129
PAPER-HFM-A000130,334-任、督、冲脉_一源三歧__异名同体_探析,UNKNOWN,UNKNOWN,UNKNOWN,UNKNOWN,甲乙经,,UNKNOWN,HFM-A000130
PAPER-HFM-A000131,338-肩井穴治疗乳痈病机初探,UNKNOWN,UNKNOWN,UNKNOWN,UNKNOWN,甲乙经,,UNKNOWN,HFM-A000131
PAPER-HFM-A000132,34-浅论《针灸甲乙经》对腧穴学的贡献,UNKNOWN,UNKNOWN,UNKNOWN,UNKNOWN,甲乙经,,UNKNOWN,HFM-A000132
PAPER-HFM-A000133,35-《针灸甲乙经》胁痛的诊治特点,UNKNOWN,UNKNOWN,UNKNOWN,UNKNOWN,甲乙经,,UNKNOWN,HFM-A000133
PAPER-HFM-A000134,351-攒竹穴探析,UNKNOWN,UNKNOWN,UNKNOWN,UNKNOWN,甲乙经,,UNKNOWN,HFM-A000134
PAPER-HFM-A000135,352-经筋刺法的理论渊源及发展,UNKNOWN,UNKNOWN,UNKNOWN,UNKNOWN,甲乙经,,UNKNOWN,HFM-A000135
PAPER-HFM-A000136,353-论皇甫谧的医学思想,UNKNOWN,UNKNOWN,UNKNOWN,UNKNOWN,甲乙经,皇甫谧,UNKNOWN,HFM-A000136
PAPER-HFM-A000137,354-浅析皇甫谧对郄穴的贡献,UNKNOWN,UNKNOWN,UNKNOWN,UNKNOWN,甲乙经,皇甫谧,UNKNOWN,HFM-A000137
PAPER-HFM-A000138,355-委中穴考证及临床应用,UNKNOWN,UNKNOWN,UNKNOWN,UNKNOWN,甲乙经,,UNKNOWN,HFM-A000138
PAPER-HFM-A000139,356-中脘穴的临床应用,UNKNOWN,UNKNOWN,UNKNOWN,UNKNOWN,甲乙经,,UNKNOWN,HFM-A000139
PAPER-HFM-A000140,359-孔最治疗厥头痛的理论探讨,UNKNOWN,UNKNOWN,UNKNOWN,UNKNOWN,甲乙经,,UNKNOWN,HFM-A000140
PAPER-HFM-A000141,36-《针灸甲乙经》中治疗鼻部病症的穴位分析,UNKNOWN,UNKNOWN,UNKNOWN,UNKNOWN,甲乙经,,UNKNOWN,HFM-A000141
PAPER-HFM-A000142,360-基于数据挖掘技术分析古代文献中水沟穴的临床应用规律,UNKNOWN,UNKNOWN,UNKNOWN,UNKNOWN,甲乙经,,UNKNOWN,HFM-A000142
PAPER-HFM-A000143,363-皇甫谧对张仲景经方运用浅析,UNKNOWN,UNKNOWN,UNKNOWN,UNKNOWN,甲乙经,皇甫谧,UNKNOWN,HFM-A000143
PAPER-HFM-A000144,364-阳经郄穴治疗痛症的古今研究,UNKNOWN,UNKNOWN,UNKNOWN,UNKNOWN,甲乙经,,UNKNOWN,HFM-A000144
PAPER-HFM-A000145,365-阳经五官病候及治疗用穴分析——兼论经脉病候与腧穴主治关系,UNKNOWN,UNKNOWN,UNKNOWN,UNKNOWN,甲乙经,,UNKNOWN,HFM-A000145
PAPER-HFM-A000146,366-从《咳论经旨》谈中医临床专病文献的编撰,UNKNOWN,UNKNOWN,UNKNOWN,UNKNOWN,甲乙经,,UNKNOWN,HFM-A000146
PAPER-HFM-A000147,368-皇甫谧手工艾条制备工艺优化与质量标准化研究,UNKNOWN,UNKNOWN,UNKNOWN,UNKNOWN,甲乙经,皇甫谧,UNKNOWN,HFM-A000147
PAPER-HFM-A000148,369-探析八脉交会穴源流发展和临床应用,UNKNOWN,UNKNOWN,UNKNOWN,UNKNOWN,甲乙经,,UNKNOWN,HFM-A000148
PAPER-HFM-A000149,37-《针灸甲乙经》治疗胃肠病取穴特色探析,UNKNOWN,UNKNOWN,UNKNOWN,UNKNOWN,甲乙经,,UNKNOWN,HFM-A000149
PAPER-HFM-A000150,371-古代不同时期头痛的用穴特点及思路浅析,UNKNOWN,UNKNOWN,UNKNOWN,UNKNOWN,甲乙经,,UNKNOWN,HFM-A000150
PAPER-HFM-A000151,372-张吉教授学术经验述要,UNKNOWN,UNKNOWN,UNKNOWN,UNKNOWN,甲乙经,,UNKNOWN,HFM-A000151
PAPER-HFM-A000152,373-赖新生教授膻中穴配穴经验介绍,UNKNOWN,UNKNOWN,UNKNOWN,UNKNOWN,甲乙经,,UNKNOWN,HFM-A000152
PAPER-HFM-A000153,374-妇女盆底功能障碍类疾病中医古籍文献考,UNKNOWN,UNKNOWN,UNKNOWN,UNKNOWN,甲乙经,,UNKNOWN,HFM-A000153
PAPER-HFM-A000154,375-《灵枢·刺节真邪》中五邪刺校注,UNKNOWN,UNKNOWN,UNKNOWN,UNKNOWN,甲乙经,,UNKNOWN,HFM-A000154
PAPER-HFM-A000155,376-针刺治疗卒中后抑郁的腧穴配伍规律文献研究,UNKNOWN,UNKNOWN,UNKNOWN,UNKNOWN,甲乙经,,UNKNOWN,HFM-A000155
PAPER-HFM-A000156,377-《黄帝内经》及别传本古今字例释,UNKNOWN,UNKNOWN,UNKNOWN,UNKNOWN,甲乙经,,UNKNOWN,HFM-A000156
PAPER-HFM-A000157,378-简析古代医籍中禁针慎针腧穴的形态学依据,UNKNOWN,UNKNOWN,UNKNOWN,UNKNOWN,甲乙经,,UNKNOWN,HFM-A000157
PAPER-HFM-A000158,379-基于图论的十二原穴拓扑参数变化差异分析,UNKNOWN,UNKNOWN,UNKNOWN,UNKNOWN,甲乙经,,UNKNOWN,HFM-A000158
PAPER-HFM-A000159,38-《针灸甲乙经》中处方用穴特点,UNKNOWN,UNKNOWN,UNKNOWN,UNKNOWN,甲乙经,,UNKNOWN,HFM-A000159
PAPER-HFM-A000160,380-关于概括腧穴主治方法的几点思考,UNKNOWN,UNKNOWN,UNKNOWN,UNKNOWN,甲乙经,,UNKNOWN,HFM-A000160
PAPER-HFM-A000161,381-明堂孔穴_的沿革,UNKNOWN,UNKNOWN,UNKNOWN,UNKNOWN,甲乙经,,UNKNOWN,HFM-A000161
PAPER-HFM-A000162,382-留针的意义与依据探析,UNKNOWN,UNKNOWN,UNKNOWN,UNKNOWN,甲乙经,,UNKNOWN,HFM-A000162
PAPER-HFM-A000163,383-太溪穴的临床应用浅谈,UNKNOWN,UNKNOWN,UNKNOWN,UNKNOWN,甲乙经,,UNKNOWN,HFM-A000163
PAPER-HFM-A000164,384-《史记·扁鹊仓公列传》_外三阳五会_新考,UNKNOWN,UNKNOWN,UNKNOWN,UNKNOWN,甲乙经,,UNKNOWN,HFM-A000164
PAPER-HFM-A000165,386-深刺中脘穴临床验案4则,UNKNOWN,UNKNOWN,UNKNOWN,UNKNOWN,甲乙经,,UNKNOWN,HFM-A000165
PAPER-HFM-A000166,387-略谈照海穴之主治,UNKNOWN,UNKNOWN,UNKNOWN,UNKNOWN,甲乙经,,UNKNOWN,HFM-A000166
PAPER-HFM-A000167,388-寸口疗法初探,UNKNOWN,UNKNOWN,UNKNOWN,UNKNOWN,甲乙经,,UNKNOWN,HFM-A000167
PAPER-HFM-A000168,389-俞昌德教授治疗坐骨神经痛临床经验介绍,UNKNOWN,UNKNOWN,UNKNOWN,UNKNOWN,甲乙经,,UNKNOWN,HFM-A000168
PAPER-HFM-A000169,39-《针灸甲乙经》推拿疗法探析,UNKNOWN,UNKNOWN,UNKNOWN,UNKNOWN,甲乙经,,UNKNOWN,HFM-A000169
PAPER-HFM-A000170,390-交会穴临床应用举隅,UNKNOWN,UNKNOWN,UNKNOWN,UNKNOWN,甲乙经,,UNKNOWN,HFM-A000170
PAPER-HFM-A000171,392-手厥阴心包经理论发展探析,UNKNOWN,UNKNOWN,UNKNOWN,UNKNOWN,甲乙经,,UNKNOWN,HFM-A000171
PAPER-HFM-A000172,393-经脉循行的《灵枢》原文英译探析,UNKNOWN,UNKNOWN,UNKNOWN,UNKNOWN,甲乙经,,UNKNOWN,HFM-A000172
PAPER-HFM-A000173,394-刺法寸历史演变与探究,UNKNOWN,UNKNOWN,UNKNOWN,UNKNOWN,甲乙经,,UNKNOWN,HFM-A000173
PAPER-HFM-A000174,395-腧穴别名与校勘,UNKNOWN,UNKNOWN,UNKNOWN,UNKNOWN,甲乙经,,UNKNOWN,HFM-A000174
PAPER-HFM-A000175,396-《素问》王冰注所见十二经脉循行文本整合复原,UNKNOWN,UNKNOWN,UNKNOWN,UNKNOWN,甲乙经,,UNKNOWN,HFM-A000175
PAPER-HFM-A000176,398-《太平圣惠方》小儿灸法文献研究,UNKNOWN,UNKNOWN,UNKNOWN,UNKNOWN,甲乙经,,UNKNOWN,HFM-A000176
PAPER-HFM-A000177,399-扶突穴的临床应用,UNKNOWN,UNKNOWN,UNKNOWN,UNKNOWN,甲乙经,,UNKNOWN,HFM-A000177
PAPER-HFM-A000178,4-浅析《针灸甲乙经》的刺法特点,UNKNOWN,UNKNOWN,UNKNOWN,UNKNOWN,甲乙经,,UNKNOWN,HFM-A000178
PAPER-HFM-A000179,40-《针灸甲乙经》浅刺针法理论研究探析,UNKNOWN,UNKNOWN,UNKNOWN,UNKNOWN,甲乙经,,UNKNOWN,HFM-A000179
PAPER-HFM-A000180,400-柳氏广意派小儿推拿辨治小儿咳嗽,UNKNOWN,UNKNOWN,UNKNOWN,UNKNOWN,甲乙经,,UNKNOWN,HFM-A000180
PAPER-HFM-A000181,401-试论出针补泻的临床意义,UNKNOWN,UNKNOWN,UNKNOWN,UNKNOWN,甲乙经,,UNKNOWN,HFM-A000181
PAPER-HFM-A000182,402-条口穴用于肩关节周围炎治疗的起源初探,UNKNOWN,UNKNOWN,UNKNOWN,UNKNOWN,甲乙经,,UNKNOWN,HFM-A000182
PAPER-HFM-A000183,403-太白穴在灼口综合征治疗中的应用举隅,UNKNOWN,UNKNOWN,UNKNOWN,UNKNOWN,甲乙经,,UNKNOWN,HFM-A000183
PAPER-HFM-A000184,404-神庭穴临证探讨,UNKNOWN,UNKNOWN,UNKNOWN,UNKNOWN,甲乙经,,UNKNOWN,HFM-A000184
PAPER-HFM-A000185,405-基于《内经》《难经》的五输穴原理探微,UNKNOWN,UNKNOWN,UNKNOWN,UNKNOWN,甲乙经,,UNKNOWN,HFM-A000185
PAPER-HFM-A000186,406-洞鉴古今探源_肠神同调_腧穴内涵及规律,UNKNOWN,UNKNOWN,UNKNOWN,UNKNOWN,甲乙经,,UNKNOWN,HFM-A000186
PAPER-HFM-A000187,409-合谷_穴区传入神经元的节段性分布——HRP法的实验研究,UNKNOWN,UNKNOWN,UNKNOWN,UNKNOWN,甲乙经,,UNKNOWN,HFM-A000187
PAPER-HFM-A000188,41-《针灸甲乙经》之刺血疗法研究,UNKNOWN,UNKNOWN,UNKNOWN,UNKNOWN,甲乙经,,UNKNOWN,HFM-A000188
PAPER-HFM-A000189,410-睛明穴的应用体会,UNKNOWN,UNKNOWN,UNKNOWN,UNKNOWN,甲乙经,,UNKNOWN,HFM-A000189
PAPER-HFM-A000190,411-睛明穴临床研究汇总,UNKNOWN,UNKNOWN,UNKNOWN,UNKNOWN,甲乙经,,UNKNOWN,HFM-A000190
PAPER-HFM-A000191,412-短刺手三里穴治疗腰腿痛临床体会,UNKNOWN,UNKNOWN,UNKNOWN,UNKNOWN,甲乙经,,UNKNOWN,HFM-A000191
PAPER-HFM-A000192,413-天突穴的临床应用,UNKNOWN,UNKNOWN,UNKNOWN,UNKNOWN,甲乙经,,UNKNOWN,HFM-A000192
PAPER-HFM-A000193,414-条口穴用于肩关节周围炎治疗的起源初探 (1),UNKNOWN,UNKNOWN,UNKNOWN,UNKNOWN,甲乙经,,UNKNOWN,HFM-A000193
PAPER-HFM-A000194,415-郄穴治疗经脉和脏腑顽固性疾病的临床应用,UNKNOWN,UNKNOWN,UNKNOWN,UNKNOWN,甲乙经,,UNKNOWN,HFM-A000194
PAPER-HFM-A000195,416-近年大椎穴临床研究概况,UNKNOWN,UNKNOWN,UNKNOWN,UNKNOWN,甲乙经,,UNKNOWN,HFM-A000195
PAPER-HFM-A000196,417-膝关节相关腧穴定位考析,UNKNOWN,UNKNOWN,UNKNOWN,UNKNOWN,甲乙经,,UNKNOWN,HFM-A000196
PAPER-HFM-A000197,419-“缪剌”与“巨刺”之浅析,UNKNOWN,UNKNOWN,UNKNOWN,UNKNOWN,甲乙经,,UNKNOWN,HFM-A000197
PAPER-HFM-A000198,42-《针灸甲乙经》治疗头痛的特点分析,UNKNOWN,UNKNOWN,UNKNOWN,UNKNOWN,甲乙经,,UNKNOWN,HFM-A000198
PAPER-HFM-A000199,420-疏肝调神针刺法治疗奔豚气案,UNKNOWN,UNKNOWN,UNKNOWN,UNKNOWN,甲乙经,,UNKNOWN,HFM-A000199
PAPER-HFM-A000200,421-百会穴临床应用概述,UNKNOWN,UNKNOWN,UNKNOWN,UNKNOWN,甲乙经,,UNKNOWN,HFM-A000200
PAPER-HFM-A000201,422-中医古籍校勘的新思考与新探索,UNKNOWN,UNKNOWN,UNKNOWN,UNKNOWN,甲乙经,,UNKNOWN,HFM-A000201
PAPER-HFM-A000202,423-中医古籍校勘的新思考与新探索(续),UNKNOWN,UNKNOWN,UNKNOWN,UNKNOWN,甲乙经,,UNKNOWN,HFM-A000202
PAPER-HFM-A000203,424-浅析手三里穴,UNKNOWN,UNKNOWN,UNKNOWN,UNKNOWN,甲乙经,,UNKNOWN,HFM-A000203
PAPER-HFM-A000204,425-天枢穴古今临床应用探析,UNKNOWN,UNKNOWN,UNKNOWN,UNKNOWN,甲乙经,,UNKNOWN,HFM-A000204
PAPER-HFM-A000205,426-化脓灸法临床应用与研究进展,UNKNOWN,UNKNOWN,UNKNOWN,UNKNOWN,甲乙经,,UNKNOWN,HFM-A000205
PAPER-HFM-A000206,427-论针刺深浅,UNKNOWN,UNKNOWN,UNKNOWN,UNKNOWN,甲乙经,,UNKNOWN,HFM-A000206
PAPER-HFM-A000207,428-气海穴基础研究进展,UNKNOWN,UNKNOWN,UNKNOWN,UNKNOWN,甲乙经,,UNKNOWN,HFM-A000207
PAPER-HFM-A000208,429-金门穴的特点与应用,UNKNOWN,UNKNOWN,UNKNOWN,UNKNOWN,甲乙经,,UNKNOWN,HFM-A000208
PAPER-HFM-A000209,430-背俞穴概述,UNKNOWN,UNKNOWN,UNKNOWN,UNKNOWN,甲乙经,,UNKNOWN,HFM-A000209
PAPER-HFM-A000210,431-百会穴临床应用概况,UNKNOWN,UNKNOWN,UNKNOWN,UNKNOWN,甲乙经,,UNKNOWN,HFM-A000210
PAPER-HFM-A000211,432-应用上巨虚穴调节胃肠功能的理论探讨,UNKNOWN,UNKNOWN,UNKNOWN,UNKNOWN,甲乙经,,UNKNOWN,HFM-A000211
PAPER-HFM-A000212,433-浅析针刺神阙穴的可行性,UNKNOWN,UNKNOWN,UNKNOWN,UNKNOWN,甲乙经,,UNKNOWN,HFM-A000212
PAPER-HFM-A000213,434-下关穴的临床应用,UNKNOWN,UNKNOWN,UNKNOWN,UNKNOWN,甲乙经,,UNKNOWN,HFM-A000213
PAPER-HFM-A000214,435-手三里穴的临床应用,UNKNOWN,UNKNOWN,UNKNOWN,UNKNOWN,甲乙经,,UNKNOWN,HFM-A000214
PAPER-HFM-A000215,437-针刺关元、曲骨、行间等穴对慢性非菌性前列腺炎大鼠TNF-α、IL-2的影响,UNKNOWN,UNKNOWN,UNKNOWN,UNKNOWN,甲乙经,,UNKNOWN,HFM-A000215
PAPER-HFM-A000216,438-肺俞穴的功效,UNKNOWN,UNKNOWN,UNKNOWN,UNKNOWN,甲乙经,,UNKNOWN,HFM-A000216
PAPER-HFM-A000217,44-《针灸甲乙经》的理论框架探析,UNKNOWN,UNKNOWN,UNKNOWN,UNKNOWN,甲乙经,,UNKNOWN,HFM-A000217
PAPER-HFM-A000218,440-脱疽源流考略,UNKNOWN,UNKNOWN,UNKNOWN,UNKNOWN,甲乙经,,UNKNOWN,HFM-A000218
PAPER-HFM-A000219,441-基于古代文献浅析手少阴心经与手厥阴心包经的联系,UNKNOWN,UNKNOWN,UNKNOWN,UNKNOWN,甲乙经,,UNKNOWN,HFM-A000219
PAPER-HFM-A000220,442-《医心方》引《诸病源候论》同义替换现象举隅,UNKNOWN,UNKNOWN,UNKNOWN,UNKNOWN,甲乙经,,UNKNOWN,HFM-A000220
PAPER-HFM-A000221,443-浅谈涌泉穴的主治病证,UNKNOWN,UNKNOWN,UNKNOWN,UNKNOWN,甲乙经,,UNKNOWN,HFM-A000221
PAPER-HFM-A000222,444-对少数经穴定位不一之商榷,UNKNOWN,UNKNOWN,UNKNOWN,UNKNOWN,甲乙经,,UNKNOWN,HFM-A000222
PAPER-HFM-A000223,445-_心胀_探析,UNKNOWN,UNKNOWN,UNKNOWN,UNKNOWN,甲乙经,,UNKNOWN,HFM-A000223
PAPER-HFM-A000224,446-针刺神门穴对心脏功能影响研究进展,UNKNOWN,UNKNOWN,UNKNOWN,UNKNOWN,甲乙经,,UNKNOWN,HFM-A000224
PAPER-HFM-A000225,447-基于经典文献整理的针刺治疗腰痛选穴研究,UNKNOWN,UNKNOWN,UNKNOWN,UNKNOWN,甲乙经,,UNKNOWN,HFM-A000225
PAPER-HFM-A000226,448-关于_穴位_一词英文翻译的看法,UNKNOWN,UNKNOWN,UNKNOWN,UNKNOWN,甲乙经,,UNKNOWN,HFM-A000226
PAPER-HFM-A000227,449-基于文献研究的肾性水肿思路探析,UNKNOWN,UNKNOWN,UNKNOWN,UNKNOWN,甲乙经,,UNKNOWN,HFM-A000227
PAPER-HFM-A000228,45-浅论《针灸甲乙经》对特定穴的贡献,UNKNOWN,UNKNOWN,UNKNOWN,UNKNOWN,甲乙经,,UNKNOWN,HFM-A000228
PAPER-HFM-A000229,450-试论腧穴体内属性,UNKNOWN,UNKNOWN,UNKNOWN,UNKNOWN,甲乙经,,UNKNOWN,HFM-A000229
PAPER-HFM-A000230,451-手三里,UNKNOWN,UNKNOWN,UNKNOWN,UNKNOWN,甲乙经,,UNKNOWN,HFM-A000230
PAPER-HFM-A000231,452-少海穴,UNKNOWN,UNKNOWN,UNKNOWN,UNKNOWN,甲乙经,,UNKNOWN,HFM-A000231
PAPER-HFM-A000232,457-柳氏广意派小儿推拿辨证施治小儿脑瘫,UNKNOWN,UNKNOWN,UNKNOWN,UNKNOWN,甲乙经,,UNKNOWN,HFM-A000232
PAPER-HFM-A000233,458-(譩)(譆)穴古代文献研究,UNKNOWN,UNKNOWN,UNKNOWN,UNKNOWN,甲乙经,,UNKNOWN,HFM-A000233
PAPER-HFM-A000234,459-八髎穴的临床运用,UNKNOWN,UNKNOWN,UNKNOWN,UNKNOWN,甲乙经,,UNKNOWN,HFM-A000234
PAPER-HFM-A000235,46-《针灸甲乙经》的针灸理论框架分析,UNKNOWN,UNKNOWN,UNKNOWN,UNKNOWN,甲乙经,,UNKNOWN,HFM-A000235
PAPER-HFM-A000236,460-灸疮_考辩,UNKNOWN,UNKNOWN,UNKNOWN,UNKNOWN,甲乙经,,UNKNOWN,HFM-A000236
PAPER-HFM-A000237,461-沈彤《释骨》考略,UNKNOWN,UNKNOWN,UNKNOWN,UNKNOWN,甲乙经,,UNKNOWN,HFM-A000237
PAPER-HFM-A000238,465-志室穴在蜂针中的应用,UNKNOWN,UNKNOWN,UNKNOWN,UNKNOWN,甲乙经,,UNKNOWN,HFM-A000238
PAPER-HFM-A000239,466-《黄帝内经》三阴三阳关阖枢说新论,UNKNOWN,UNKNOWN,UNKNOWN,UNKNOWN,甲乙经,,UNKNOWN,HFM-A000239
PAPER-HFM-A000240,467-上星穴穴性及临床应用,UNKNOWN,UNKNOWN,UNKNOWN,UNKNOWN,甲乙经,,UNKNOWN,HFM-A000240
PAPER-HFM-A000241,468-素髎穴的现代临床应用及研究,UNKNOWN,UNKNOWN,UNKNOWN,UNKNOWN,甲乙经,,UNKNOWN,HFM-A000241
PAPER-HFM-A000242,469-腕踝上三寸内外侧各有一个三经交会穴,UNKNOWN,UNKNOWN,UNKNOWN,UNKNOWN,甲乙经,,UNKNOWN,HFM-A000242
PAPER-HFM-A000243,47-论《针灸甲乙经》配穴方法对后世的影响,UNKNOWN,UNKNOWN,UNKNOWN,UNKNOWN,甲乙经,,UNKNOWN,HFM-A000243
PAPER-HFM-A000244,470-百会穴_顶中央旋毛中_考释,UNKNOWN,UNKNOWN,UNKNOWN,UNKNOWN,甲乙经,,UNKNOWN,HFM-A000244
PAPER-HFM-A000245,471-试论胸部经穴命名与古代建筑的关系,UNKNOWN,UNKNOWN,UNKNOWN,UNKNOWN,甲乙经,,UNKNOWN,HFM-A000245
PAPER-HFM-A000246,472-瓜蒌不同入药部位的药用价值及临床应用,UNKNOWN,UNKNOWN,UNKNOWN,UNKNOWN,甲乙经,,UNKNOWN,HFM-A000246
PAPER-HFM-A000247,473-Combined+Use+of+the+Points+Shenmai+and+Zhaohai+for,UNKNOWN,UNKNOWN,UNKNOWN,UNKNOWN,甲乙经,,UNKNOWN,HFM-A000247
PAPER-HFM-A000248,475-中脘穴的古今应用与研究,UNKNOWN,UNKNOWN,UNKNOWN,UNKNOWN,甲乙经,,UNKNOWN,HFM-A000248
PAPER-HFM-A000249,476-经穴详解系列篇(2),UNKNOWN,UNKNOWN,UNKNOWN,UNKNOWN,甲乙经,,UNKNOWN,HFM-A000249
PAPER-HFM-A000250,477-对分类研究《内经》文献的评析,UNKNOWN,UNKNOWN,UNKNOWN,UNKNOWN,甲乙经,,UNKNOWN,HFM-A000250
PAPER-HFM-A000251,478-悬钟穴的应用及定位考证,UNKNOWN,UNKNOWN,UNKNOWN,UNKNOWN,甲乙经,,UNKNOWN,HFM-A000251
PAPER-HFM-A000252,479-百会穴的临证应用与研究述要,UNKNOWN,UNKNOWN,UNKNOWN,UNKNOWN,甲乙经,,UNKNOWN,HFM-A000252
PAPER-HFM-A000253,480-神阙穴拔罐调气作用的理论认识与临床应用,UNKNOWN,UNKNOWN,UNKNOWN,UNKNOWN,甲乙经,,UNKNOWN,HFM-A000253
PAPER-HFM-A000254,481-天突穴刺法述要,UNKNOWN,UNKNOWN,UNKNOWN,UNKNOWN,甲乙经,,UNKNOWN,HFM-A000254
PAPER-HFM-A000256,483-关于慢性前列腺炎中医病名的两点商榷,UNKNOWN,UNKNOWN,UNKNOWN,UNKNOWN,甲乙经,,UNKNOWN,HFM-A000256
PAPER-HFM-A000257,484-四渎穴穴性辑考及临床发挥,UNKNOWN,UNKNOWN,UNKNOWN,UNKNOWN,甲乙经,,UNKNOWN,HFM-A000257
PAPER-HFM-A000258,485-《医学六经》考,UNKNOWN,UNKNOWN,UNKNOWN,UNKNOWN,甲乙经,,UNKNOWN,HFM-A000258
PAPER-HFM-A000259,486-中医非药物疗法急诊应用专家共识,UNKNOWN,UNKNOWN,UNKNOWN,UNKNOWN,甲乙经,,UNKNOWN,HFM-A000259
PAPER-HFM-A000260,487-简帛踝部诊脉法发微,UNKNOWN,UNKNOWN,UNKNOWN,UNKNOWN,甲乙经,,UNKNOWN,HFM-A000260
PAPER-HFM-A000261,489-  基于古今文献和解剖数据考证箕门穴定位及其变革,UNKNOWN,UNKNOWN,UNKNOWN,UNKNOWN,甲乙经,,UNKNOWN,HFM-A000261
PAPER-HFM-A000262,49-《针灸甲乙经》腧穴主治条文勘误,UNKNOWN,UNKNOWN,UNKNOWN,UNKNOWN,甲乙经,,UNKNOWN,HFM-A000262
PAPER-HFM-A000263,490-肉瘤源流考,UNKNOWN,UNKNOWN,UNKNOWN,UNKNOWN,甲乙经,,UNKNOWN,HFM-A000263
PAPER-HFM-A000264,491-浅谈中医针刺麻醉方法与应用,UNKNOWN,UNKNOWN,UNKNOWN,UNKNOWN,甲乙经,,UNKNOWN,HFM-A000264
PAPER-HFM-A000265,492-纵论_卫出下焦_乃《黄帝内经》本义,UNKNOWN,UNKNOWN,UNKNOWN,UNKNOWN,甲乙经,,UNKNOWN,HFM-A000265
PAPER-HFM-A000266,493-取穴方法的文献研究,UNKNOWN,UNKNOWN,UNKNOWN,UNKNOWN,甲乙经,,UNKNOWN,HFM-A000266
PAPER-HFM-A000267,494-高职高专《经络腧穴学》课程教学改革实践研究,UNKNOWN,UNKNOWN,UNKNOWN,UNKNOWN,甲乙经,,UNKNOWN,HFM-A000267
PAPER-HFM-A000268,495-探析百会穴在中风病后遗症中的临床作用,UNKNOWN,UNKNOWN,UNKNOWN,UNKNOWN,甲乙经,,UNKNOWN,HFM-A000268
PAPER-HFM-A000269,496-中医中药对糖尿病足溃疡治疗进展,UNKNOWN,UNKNOWN,UNKNOWN,UNKNOWN,甲乙经,,UNKNOWN,HFM-A000269
PAPER-HFM-A000270,"497-基于内关治疗肩周炎解读_淫气忧思,痹聚在心_",UNKNOWN,UNKNOWN,UNKNOWN,UNKNOWN,甲乙经,,UNKNOWN,HFM-A000270
PAPER-HFM-A000271,498-陶道穴的临床应用,UNKNOWN,UNKNOWN,UNKNOWN,UNKNOWN,甲乙经,,UNKNOWN,HFM-A000271
PAPER-HFM-A000272,499-妙在__脐_中,UNKNOWN,UNKNOWN,UNKNOWN,UNKNOWN,甲乙经,,UNKNOWN,HFM-A000272
PAPER-HFM-A000273,5-论《针灸甲乙经》之灸法特色,UNKNOWN,UNKNOWN,UNKNOWN,UNKNOWN,甲乙经,,UNKNOWN,HFM-A000273
PAPER-HFM-A000274,50-《针灸甲乙经》腰痛的诊治特点探析,UNKNOWN,UNKNOWN,UNKNOWN,UNKNOWN,甲乙经,,UNKNOWN,HFM-A000274
PAPER-HFM-A000275,"500-地形拟名,浅洼之泽穴",UNKNOWN,UNKNOWN,UNKNOWN,UNKNOWN,甲乙经,,UNKNOWN,HFM-A000275
PAPER-HFM-A000276,501-大巨穴的临床应用,UNKNOWN,UNKNOWN,UNKNOWN,UNKNOWN,甲乙经,,UNKNOWN,HFM-A000276
PAPER-HFM-A000277,502-白涩症源流浅析,UNKNOWN,UNKNOWN,UNKNOWN,UNKNOWN,甲乙经,,UNKNOWN,HFM-A000277
PAPER-HFM-A000278,503-历节病并发奔豚病的病机及证治探讨,UNKNOWN,UNKNOWN,UNKNOWN,UNKNOWN,甲乙经,,UNKNOWN,HFM-A000278
PAPER-HFM-A000279,504-基于复杂网络的智能配穴数目探讨,UNKNOWN,UNKNOWN,UNKNOWN,UNKNOWN,甲乙经,,UNKNOWN,HFM-A000279
PAPER-HFM-A000280,505-针药并用治疗慢性肾风风湿伤肾证临证经验述要,UNKNOWN,UNKNOWN,UNKNOWN,UNKNOWN,甲乙经,,UNKNOWN,HFM-A000280
PAPER-HFM-A000281,506-中医名词术语（三）,UNKNOWN,UNKNOWN,UNKNOWN,UNKNOWN,甲乙经,,UNKNOWN,HFM-A000281
PAPER-HFM-A000282,507-敦煌《灸经图》足太阳经理论源流探析,UNKNOWN,UNKNOWN,UNKNOWN,UNKNOWN,甲乙经,,UNKNOWN,HFM-A000282
PAPER-HFM-A000283,508-不乳儿乳痈的古代中医文献初探,UNKNOWN,UNKNOWN,UNKNOWN,UNKNOWN,甲乙经,,UNKNOWN,HFM-A000283
PAPER-HFM-A000284,509-《金匮要略直解》述要,UNKNOWN,UNKNOWN,UNKNOWN,UNKNOWN,甲乙经,,UNKNOWN,HFM-A000284
PAPER-HFM-A000285,51-《针灸甲乙经》的针灸理论框架研究,UNKNOWN,UNKNOWN,UNKNOWN,UNKNOWN,甲乙经,,UNKNOWN,HFM-A000285
PAPER-HFM-A000286,510-李顺保教授奇经八脉腧穴考证研究,UNKNOWN,UNKNOWN,UNKNOWN,UNKNOWN,甲乙经,,UNKNOWN,HFM-A000286
PAPER-HFM-A000287,511-“凥”、“尻”义考,UNKNOWN,UNKNOWN,UNKNOWN,UNKNOWN,甲乙经,,UNKNOWN,HFM-A000287
PAPER-HFM-A000288,512-《备急千金要方校释》读后的几点商榷（二）,UNKNOWN,UNKNOWN,UNKNOWN,UNKNOWN,甲乙经,,UNKNOWN,HFM-A000288
PAPER-HFM-A000289,513-《脉经》脉诊探微,UNKNOWN,UNKNOWN,UNKNOWN,UNKNOWN,甲乙经,,UNKNOWN,HFM-A000289
PAPER-HFM-A000290,514-浅谈至阳穴治疗胸痹,UNKNOWN,UNKNOWN,UNKNOWN,UNKNOWN,甲乙经,,UNKNOWN,HFM-A000290
PAPER-HFM-A000291,515-粗针平刺身柱穴治疗肌张力增高验案举隅,UNKNOWN,UNKNOWN,UNKNOWN,UNKNOWN,甲乙经,,UNKNOWN,HFM-A000291
PAPER-HFM-A000292,516-耳鸣耳聋从三焦经论治初探,UNKNOWN,UNKNOWN,UNKNOWN,UNKNOWN,甲乙经,,UNKNOWN,HFM-A000292
PAPER-HFM-A000293,517-中医中药治愈不孕（IVF准备期间）症验案--李祥云教授临证验案撷英,UNKNOWN,UNKNOWN,UNKNOWN,UNKNOWN,甲乙经,,UNKNOWN,HFM-A000293
PAPER-HFM-A000294,518-地仓穴定位探赜,UNKNOWN,UNKNOWN,UNKNOWN,UNKNOWN,甲乙经,,UNKNOWN,HFM-A000294
PAPER-HFM-A000295,519-风池穴治疗眼疾验案举隅,UNKNOWN,UNKNOWN,UNKNOWN,UNKNOWN,甲乙经,,UNKNOWN,HFM-A000295
PAPER-HFM-A000296,52-《针灸甲乙经》皇甫谧序纠谬一则,UNKNOWN,UNKNOWN,UNKNOWN,UNKNOWN,甲乙经,皇甫谧,UNKNOWN,HFM-A000296
PAPER-HFM-A000297,520-读《黄帝内经》札记(十),UNKNOWN,UNKNOWN,UNKNOWN,UNKNOWN,甲乙经,,UNKNOWN,HFM-A000297
PAPER-HFM-A000298,521-照海穴在五官疾病中的应用,UNKNOWN,UNKNOWN,UNKNOWN,UNKNOWN,甲乙经,,UNKNOWN,HFM-A000298
PAPER-HFM-A000299,522-头针疗法为主的临床应用研究进展,UNKNOWN,UNKNOWN,UNKNOWN,UNKNOWN,甲乙经,,UNKNOWN,HFM-A000299
PAPER-HFM-A000301,524-原络配穴及其现代临床应用,UNKNOWN,UNKNOWN,UNKNOWN,UNKNOWN,甲乙经,,UNKNOWN,HFM-A000301
PAPER-HFM-A000302,525-水沟穴临证运用举隅,UNKNOWN,UNKNOWN,UNKNOWN,UNKNOWN,甲乙经,,UNKNOWN,HFM-A000302
PAPER-HFM-A000303,526-谈_张仲景见王粲_故事之真伪,UNKNOWN,UNKNOWN,UNKNOWN,UNKNOWN,甲乙经,,UNKNOWN,HFM-A000303
PAPER-HFM-A000304,527-罗灵松老中医临证经验拾贝,UNKNOWN,UNKNOWN,UNKNOWN,UNKNOWN,甲乙经,,UNKNOWN,HFM-A000304
PAPER-HFM-A000305,528-宋人增补《千金要方》内容考证,UNKNOWN,UNKNOWN,UNKNOWN,UNKNOWN,甲乙经,,UNKNOWN,HFM-A000305
PAPER-HFM-A000306,529-神阙穴在急症中运用举隅,UNKNOWN,UNKNOWN,UNKNOWN,UNKNOWN,甲乙经,,UNKNOWN,HFM-A000306
PAPER-HFM-A000307,530-四肢部古代解剖学名词今译,UNKNOWN,UNKNOWN,UNKNOWN,UNKNOWN,甲乙经,,UNKNOWN,HFM-A000307
PAPER-HFM-A000308,531-头针的临床应用与研究进展,UNKNOWN,UNKNOWN,UNKNOWN,UNKNOWN,甲乙经,,UNKNOWN,HFM-A000308
PAPER-HFM-A000309,532-李平教授水沟穴治验举隅,UNKNOWN,UNKNOWN,UNKNOWN,UNKNOWN,甲乙经,,UNKNOWN,HFM-A000309
PAPER-HFM-A000310,533-论运气_七篇大论_与《素问》的关系,UNKNOWN,UNKNOWN,UNKNOWN,UNKNOWN,甲乙经,,UNKNOWN,HFM-A000310
PAPER-HFM-A000311,534-古代文献中百会穴的记载,UNKNOWN,UNKNOWN,UNKNOWN,UNKNOWN,甲乙经,,UNKNOWN,HFM-A000311
PAPER-HFM-A000312,535-合谷配穴谈,UNKNOWN,UNKNOWN,UNKNOWN,UNKNOWN,甲乙经,,UNKNOWN,HFM-A000312
PAPER-HFM-A000313,536-《黄帝内经》论经络学说浅析(下),UNKNOWN,UNKNOWN,UNKNOWN,UNKNOWN,甲乙经,,UNKNOWN,HFM-A000313
PAPER-HFM-A000314,537-浅析十二原穴主治作用,UNKNOWN,UNKNOWN,UNKNOWN,UNKNOWN,甲乙经,,UNKNOWN,HFM-A000314
PAPER-HFM-A000315,538-宋以前中医小儿外治法发展概述,UNKNOWN,UNKNOWN,UNKNOWN,UNKNOWN,甲乙经,,UNKNOWN,HFM-A000315
PAPER-HFM-A000316,539-杨骏教授运用益气养血通络法治疗格林-巴利综合征的经验,UNKNOWN,UNKNOWN,UNKNOWN,UNKNOWN,甲乙经,,UNKNOWN,HFM-A000316
PAPER-HFM-A000317,54-《黄帝针灸甲乙经》论治妇科疾病浅释,UNKNOWN,UNKNOWN,UNKNOWN,UNKNOWN,甲乙经,,UNKNOWN,HFM-A000317
PAPER-HFM-A000318,540-点按手三里治疗急性腹痛的机制探讨,UNKNOWN,UNKNOWN,UNKNOWN,UNKNOWN,甲乙经,,UNKNOWN,HFM-A000318
PAPER-HFM-A000319,541-针药并治老年性肺炎验案一则探析,UNKNOWN,UNKNOWN,UNKNOWN,UNKNOWN,甲乙经,,UNKNOWN,HFM-A000319
PAPER-HFM-A000320,542-杨骏教授应用滋肾益髓法治疗亨廷顿舞蹈病经验,UNKNOWN,UNKNOWN,UNKNOWN,UNKNOWN,甲乙经,,UNKNOWN,HFM-A000320
PAPER-HFM-A000321,543-浅谈人体的阴阳五行,UNKNOWN,UNKNOWN,UNKNOWN,UNKNOWN,甲乙经,,UNKNOWN,HFM-A000321
PAPER-HFM-A000322,544-睛明穴的解剖学研究及针刺应用,UNKNOWN,UNKNOWN,UNKNOWN,UNKNOWN,甲乙经,,UNKNOWN,HFM-A000322
PAPER-HFM-A000323,545-略论_缪刺_与_巨刺_,UNKNOWN,UNKNOWN,UNKNOWN,UNKNOWN,甲乙经,,UNKNOWN,HFM-A000323
PAPER-HFM-A000324,546-古朝(zh(u))那县址及皇甫谧籍贯又考,UNKNOWN,UNKNOWN,UNKNOWN,UNKNOWN,甲乙经,皇甫谧,UNKNOWN,HFM-A000324
PAPER-HFM-A000325,547-胸痹心痛的病名演变,UNKNOWN,UNKNOWN,UNKNOWN,UNKNOWN,甲乙经,,UNKNOWN,HFM-A000325
PAPER-HFM-A000326,548-针刺长强穴为主治疗神经系统疾病验案2则,UNKNOWN,UNKNOWN,UNKNOWN,UNKNOWN,甲乙经,,UNKNOWN,HFM-A000326
PAPER-HFM-A000327,549-关于髓会所在的思考,UNKNOWN,UNKNOWN,UNKNOWN,UNKNOWN,甲乙经,,UNKNOWN,HFM-A000327
PAPER-HFM-A000328,55-《针灸甲乙经》中心痛的疗法特点分析,UNKNOWN,UNKNOWN,UNKNOWN,UNKNOWN,甲乙经,,UNKNOWN,HFM-A000328
PAPER-HFM-A000329,550-王冰次注《素问》条例简析,UNKNOWN,UNKNOWN,UNKNOWN,UNKNOWN,甲乙经,,UNKNOWN,HFM-A000329
PAPER-HFM-A000330,551-浅谈人迎穴的应用,UNKNOWN,UNKNOWN,UNKNOWN,UNKNOWN,甲乙经,,UNKNOWN,HFM-A000330
PAPER-HFM-A000331,552-环跳穴的临床应用,UNKNOWN,UNKNOWN,UNKNOWN,UNKNOWN,甲乙经,,UNKNOWN,HFM-A000331
PAPER-HFM-A000332,553-古《明堂经》考析,UNKNOWN,UNKNOWN,UNKNOWN,UNKNOWN,甲乙经,,UNKNOWN,HFM-A000332
PAPER-HFM-A000333,554-瘢痕灸预防脑血管病的复发,UNKNOWN,UNKNOWN,UNKNOWN,UNKNOWN,甲乙经,,UNKNOWN,HFM-A000333
PAPER-HFM-A000334,555-完骨穴的临床应用举隅,UNKNOWN,UNKNOWN,UNKNOWN,UNKNOWN,甲乙经,,UNKNOWN,HFM-A000334
PAPER-HFM-A000335,556-百会穴的临床应用浅析,UNKNOWN,UNKNOWN,UNKNOWN,UNKNOWN,甲乙经,,UNKNOWN,HFM-A000335
PAPER-HFM-A000336,557-析哑门穴,UNKNOWN,UNKNOWN,UNKNOWN,UNKNOWN,甲乙经,,UNKNOWN,HFM-A000336
PAPER-HFM-A000337,558-穴法派的形成与发展,UNKNOWN,UNKNOWN,UNKNOWN,UNKNOWN,甲乙经,,UNKNOWN,HFM-A000337
PAPER-HFM-A000338,559-独取神阙穴临床应用体会,UNKNOWN,UNKNOWN,UNKNOWN,UNKNOWN,甲乙经,,UNKNOWN,HFM-A000338
PAPER-HFM-A000339,56-浅析《针灸甲乙经》中带下病的针灸治疗,UNKNOWN,UNKNOWN,UNKNOWN,UNKNOWN,甲乙经,,UNKNOWN,HFM-A000339
PAPER-HFM-A000340,560-化脓灸疗法临床应用及研究概况,UNKNOWN,UNKNOWN,UNKNOWN,UNKNOWN,甲乙经,,UNKNOWN,HFM-A000340
PAPER-HFM-A000341,561-支沟穴的临床应用体会,UNKNOWN,UNKNOWN,UNKNOWN,UNKNOWN,甲乙经,,UNKNOWN,HFM-A000341
PAPER-HFM-A000342,563-调达全身阴阳气血之会——大椎穴,UNKNOWN,UNKNOWN,UNKNOWN,UNKNOWN,甲乙经,,UNKNOWN,HFM-A000342
PAPER-HFM-A000343,564-临床放血疗法举隅,UNKNOWN,UNKNOWN,UNKNOWN,UNKNOWN,甲乙经,,UNKNOWN,HFM-A000343
PAPER-HFM-A000344,565-率然之谷解头痛,UNKNOWN,UNKNOWN,UNKNOWN,UNKNOWN,甲乙经,,UNKNOWN,HFM-A000344
PAPER-HFM-A000345,566-从郄穴论治带状疱疹急性期疼痛的思路探析,UNKNOWN,UNKNOWN,UNKNOWN,UNKNOWN,甲乙经,,UNKNOWN,HFM-A000345
PAPER-HFM-A000346,567-强健人体_根基_——_建里穴,UNKNOWN,UNKNOWN,UNKNOWN,UNKNOWN,甲乙经,,UNKNOWN,HFM-A000346
PAPER-HFM-A000347,568-关于龈交穴与上唇系带的探讨,UNKNOWN,UNKNOWN,UNKNOWN,UNKNOWN,甲乙经,,UNKNOWN,HFM-A000347
PAPER-HFM-A000348,569-肾经然谷六的效用,UNKNOWN,UNKNOWN,UNKNOWN,UNKNOWN,甲乙经,,UNKNOWN,HFM-A000348
PAPER-HFM-A000349,57-《针灸甲乙经》治热病选穴规律探析,UNKNOWN,UNKNOWN,UNKNOWN,UNKNOWN,甲乙经,,UNKNOWN,HFM-A000349
PAPER-HFM-A000350,"570-巧用穴位,护眼养",UNKNOWN,UNKNOWN,UNKNOWN,UNKNOWN,甲乙经,,UNKNOWN,HFM-A000350
PAPER-HFM-A000351,571-浅析环跳取穴与针刺特点,UNKNOWN,UNKNOWN,UNKNOWN,UNKNOWN,甲乙经,,UNKNOWN,HFM-A000351
PAPER-HFM-A000352,572-火针在皮肤病中的临床应用,UNKNOWN,UNKNOWN,UNKNOWN,UNKNOWN,甲乙经,,UNKNOWN,HFM-A000352
PAPER-HFM-A000353,573经络和穴位是如何发现的_,UNKNOWN,UNKNOWN,UNKNOWN,UNKNOWN,甲乙经,,UNKNOWN,HFM-A000353
PAPER-HFM-A000354,574-腹结穴的临床应用,UNKNOWN,UNKNOWN,UNKNOWN,UNKNOWN,甲乙经,,UNKNOWN,HFM-A000354
PAPER-HFM-A000355,575-_脱疽_的历史演变及现代意义,UNKNOWN,UNKNOWN,UNKNOWN,UNKNOWN,甲乙经,,UNKNOWN,HFM-A000355
PAPER-HFM-A000356,576-身柱穴的临床蜂针治疗功用,UNKNOWN,UNKNOWN,UNKNOWN,UNKNOWN,甲乙经,,UNKNOWN,HFM-A000356
PAPER-HFM-A000357,577-《灵枢·刺节真邪》古诗《凡刺痈邪勿迎陇》义证,UNKNOWN,UNKNOWN,UNKNOWN,UNKNOWN,甲乙经,,UNKNOWN,HFM-A000357
PAPER-HFM-A000358,578关于胸部胃经循行与其经穴关系的思考,UNKNOWN,UNKNOWN,UNKNOWN,UNKNOWN,甲乙经,,UNKNOWN,HFM-A000358
PAPER-HFM-A000359,579-风池穴临床应用研究,UNKNOWN,UNKNOWN,UNKNOWN,UNKNOWN,甲乙经,,UNKNOWN,HFM-A000359
PAPER-HFM-A000360,58-《针灸甲乙经》_知__纂_考,UNKNOWN,UNKNOWN,UNKNOWN,UNKNOWN,甲乙经,,UNKNOWN,HFM-A000360
PAPER-HFM-A000361,581-医圣_张仲景,UNKNOWN,UNKNOWN,UNKNOWN,UNKNOWN,甲乙经,,UNKNOWN,HFM-A000361
PAPER-HFM-A000362,582-远道取穴法临床运用三则,UNKNOWN,UNKNOWN,UNKNOWN,UNKNOWN,甲乙经,,UNKNOWN,HFM-A000362
PAPER-HFM-A000363,583-以前带下病症文献整理研究,UNKNOWN,UNKNOWN,UNKNOWN,UNKNOWN,甲乙经,,UNKNOWN,HFM-A000363
PAPER-HFM-A000364,584-浅谈人迎穴治疗咽部疾病,UNKNOWN,UNKNOWN,UNKNOWN,UNKNOWN,甲乙经,,UNKNOWN,HFM-A000364
PAPER-HFM-A000365,585-周庆教授舌针临床经验撷要,UNKNOWN,UNKNOWN,UNKNOWN,UNKNOWN,甲乙经,,UNKNOWN,HFM-A000365
PAPER-HFM-A000366,586-从肾虚角度探究痴呆的病因病机,UNKNOWN,UNKNOWN,UNKNOWN,UNKNOWN,甲乙经,,UNKNOWN,HFM-A000366
PAPER-HFM-A000367,587-王丽平巧用率谷穴_一穴三透法_治疗不同疾病,UNKNOWN,UNKNOWN,UNKNOWN,UNKNOWN,甲乙经,,UNKNOWN,HFM-A000367
PAPER-HFM-A000368,588-三阴交穴临床应用举隅,UNKNOWN,UNKNOWN,UNKNOWN,UNKNOWN,甲乙经,,UNKNOWN,HFM-A000368
PAPER-HFM-A000369,589-试论_经脉、络脉是同时运行的两套系统_,UNKNOWN,UNKNOWN,UNKNOWN,UNKNOWN,甲乙经,,UNKNOWN,HFM-A000369
PAPER-HFM-A000370,59-《针灸甲乙经》对咳嗽的疗法特点分析,UNKNOWN,UNKNOWN,UNKNOWN,UNKNOWN,甲乙经,,UNKNOWN,HFM-A000370
PAPER-HFM-A000371,590-浅谈中药的煎服方法,UNKNOWN,UNKNOWN,UNKNOWN,UNKNOWN,甲乙经,,UNKNOWN,HFM-A000371
PAPER-HFM-A000372,591-针刺中脘穴治疗胃痛83例,UNKNOWN,UNKNOWN,UNKNOWN,UNKNOWN,甲乙经,,UNKNOWN,HFM-A000372
PAPER-HFM-A000373,592-中药煎煮的正确方法与注意事项,UNKNOWN,UNKNOWN,UNKNOWN,UNKNOWN,甲乙经,,UNKNOWN,HFM-A000373
PAPER-HFM-A000374,593-上星穴浅析,UNKNOWN,UNKNOWN,UNKNOWN,UNKNOWN,甲乙经,,UNKNOWN,HFM-A000374
PAPER-HFM-A000375,594-悬钟穴的临床应用,UNKNOWN,UNKNOWN,UNKNOWN,UNKNOWN,甲乙经,,UNKNOWN,HFM-A000375
PAPER-HFM-A000376,595-浅析迎香穴治疗胆道蛔虫症,UNKNOWN,UNKNOWN,UNKNOWN,UNKNOWN,甲乙经,,UNKNOWN,HFM-A000376
PAPER-HFM-A000377,596-浅谈神阙穴拔罐养生,UNKNOWN,UNKNOWN,UNKNOWN,UNKNOWN,甲乙经,,UNKNOWN,HFM-A000377
PAPER-HFM-A000378,597-皇甫谧哲学思想刍议,UNKNOWN,UNKNOWN,UNKNOWN,UNKNOWN,甲乙经,皇甫谧,UNKNOWN,HFM-A000378
PAPER-HFM-A000379,598-悬钟穴临床应用举隅,UNKNOWN,UNKNOWN,UNKNOWN,UNKNOWN,甲乙经,,UNKNOWN,HFM-A000379
PAPER-HFM-A000380,599-针刺治疗奔豚气1例,UNKNOWN,UNKNOWN,UNKNOWN,UNKNOWN,甲乙经,,UNKNOWN,HFM-A000380
PAPER-HFM-A000381,6-《针灸甲乙经》针灸禁忌浅析,UNKNOWN,UNKNOWN,UNKNOWN,UNKNOWN,甲乙经,,UNKNOWN,HFM-A000381
PAPER-HFM-A000382,60-浅析《针灸甲乙经》中蕴含的调和思想,UNKNOWN,UNKNOWN,UNKNOWN,UNKNOWN,甲乙经,,UNKNOWN,HFM-A000382
PAPER-HFM-A000383,600-刘衡如《灵枢经》校注的成就,UNKNOWN,UNKNOWN,UNKNOWN,UNKNOWN,甲乙经,,UNKNOWN,HFM-A000383
PAPER-HFM-A000384,601-矢志苦学皇甫谧终成大家,UNKNOWN,UNKNOWN,UNKNOWN,UNKNOWN,甲乙经,皇甫谧,UNKNOWN,HFM-A000384
PAPER-HFM-A000385,602-《伤寒论》针刺取穴与配穴浅析,UNKNOWN,UNKNOWN,UNKNOWN,UNKNOWN,甲乙经,,UNKNOWN,HFM-A000385
PAPER-HFM-A000386,603-百会穴的临证应用及实验研究,UNKNOWN,UNKNOWN,UNKNOWN,UNKNOWN,甲乙经,,UNKNOWN,HFM-A000386
PAPER-HFM-A000387,604-风门穴的临床应用,UNKNOWN,UNKNOWN,UNKNOWN,UNKNOWN,甲乙经,,UNKNOWN,HFM-A000387
PAPER-HFM-A000388,605-刘冠军针挑疗法治验介绍,UNKNOWN,UNKNOWN,UNKNOWN,UNKNOWN,甲乙经,,UNKNOWN,HFM-A000388
PAPER-HFM-A000389,607-下关穴的应用,UNKNOWN,UNKNOWN,UNKNOWN,UNKNOWN,甲乙经,,UNKNOWN,HFM-A000389
PAPER-HFM-A000390,608-环跳穴的应用,UNKNOWN,UNKNOWN,UNKNOWN,UNKNOWN,甲乙经,,UNKNOWN,HFM-A000390
PAPER-HFM-A000391,609-左病治右_法临床运用概况,UNKNOWN,UNKNOWN,UNKNOWN,UNKNOWN,甲乙经,,UNKNOWN,HFM-A000391
PAPER-HFM-A000392,61-浅析《针灸甲乙经》之郄穴的价值,UNKNOWN,UNKNOWN,UNKNOWN,UNKNOWN,甲乙经,,UNKNOWN,HFM-A000392
PAPER-HFM-A000393,610-缪刺_与_巨刺_辨析,UNKNOWN,UNKNOWN,UNKNOWN,UNKNOWN,甲乙经,,UNKNOWN,HFM-A000393
PAPER-HFM-A000394,611-翳风穴及其临床应用,UNKNOWN,UNKNOWN,UNKNOWN,UNKNOWN,甲乙经,,UNKNOWN,HFM-A000394
PAPER-HFM-A000395,612-背腧穴浅析,UNKNOWN,UNKNOWN,UNKNOWN,UNKNOWN,甲乙经,,UNKNOWN,HFM-A000395
PAPER-HFM-A000396,613-五输穴的临床应用,UNKNOWN,UNKNOWN,UNKNOWN,UNKNOWN,甲乙经,,UNKNOWN,HFM-A000396
PAPER-HFM-A000397,614-中药剂型改革的现状及思考,UNKNOWN,UNKNOWN,UNKNOWN,UNKNOWN,甲乙经,,UNKNOWN,HFM-A000397
PAPER-HFM-A000398,615-肝经取穴治疗腰椎骨质增生76例,UNKNOWN,UNKNOWN,UNKNOWN,UNKNOWN,甲乙经,,UNKNOWN,HFM-A000398
PAPER-HFM-A000399,616-张灿玾对经典医籍研究的贡献,UNKNOWN,UNKNOWN,UNKNOWN,UNKNOWN,甲乙经,,UNKNOWN,HFM-A000399
PAPER-HFM-A000400,617-临床放血疗法举隅,UNKNOWN,UNKNOWN,UNKNOWN,UNKNOWN,甲乙经,,UNKNOWN,HFM-A000400
PAPER-HFM-A000401,618-率然之谷解头痛,UNKNOWN,UNKNOWN,UNKNOWN,UNKNOWN,甲乙经,,UNKNOWN,HFM-A000401
PAPER-HFM-A000402,619-从郄穴论治带状疱疹急性期疼痛的思路探析,UNKNOWN,UNKNOWN,UNKNOWN,UNKNOWN,甲乙经,,UNKNOWN,HFM-A000402
PAPER-HFM-A000403,62-建国后出版的《针灸甲乙经》目录学梳理,UNKNOWN,UNKNOWN,UNKNOWN,UNKNOWN,甲乙经,,UNKNOWN,HFM-A000403
PAPER-HFM-A000404,620-强健人体_根基_——_建里穴,UNKNOWN,UNKNOWN,UNKNOWN,UNKNOWN,甲乙经,,UNKNOWN,HFM-A000404
PAPER-HFM-A000405,621-关于龈交穴与上唇系带的探讨,UNKNOWN,UNKNOWN,UNKNOWN,UNKNOWN,甲乙经,,UNKNOWN,HFM-A000405
PAPER-HFM-A000406,622-肾经然谷六的效用,UNKNOWN,UNKNOWN,UNKNOWN,UNKNOWN,甲乙经,,UNKNOWN,HFM-A000406
PAPER-HFM-A000407,"623-巧用穴位,护眼养",UNKNOWN,UNKNOWN,UNKNOWN,UNKNOWN,甲乙经,,UNKNOWN,HFM-A000407
PAPER-HFM-A000408,624-涌泉穴烧山火法的临床应用,UNKNOWN,UNKNOWN,UNKNOWN,UNKNOWN,甲乙经,,UNKNOWN,HFM-A000408
PAPER-HFM-A000409,625-刘衡如先生《康城十咏》(一),UNKNOWN,UNKNOWN,UNKNOWN,UNKNOWN,甲乙经,,UNKNOWN,HFM-A000409
PAPER-HFM-A000410,626-内关穴临床应用举隅,UNKNOWN,UNKNOWN,UNKNOWN,UNKNOWN,甲乙经,,UNKNOWN,HFM-A000410
PAPER-HFM-A000411,627-浅析影响中药汤剂疗效的原因,UNKNOWN,UNKNOWN,UNKNOWN,UNKNOWN,甲乙经,,UNKNOWN,HFM-A000411
PAPER-HFM-A000412,628-三阴交穴在妇科中的应用,UNKNOWN,UNKNOWN,UNKNOWN,UNKNOWN,甲乙经,,UNKNOWN,HFM-A000412
PAPER-HFM-A000413,629-翳风穴证治机理浅探,UNKNOWN,UNKNOWN,UNKNOWN,UNKNOWN,甲乙经,,UNKNOWN,HFM-A000413
PAPER-HFM-A000414,630-从王粲病案谈到《黄帝内经》,UNKNOWN,UNKNOWN,UNKNOWN,UNKNOWN,甲乙经,,UNKNOWN,HFM-A000414
PAPER-HFM-A000415,631-浅议杨兆钢芒针学术思想,UNKNOWN,UNKNOWN,UNKNOWN,UNKNOWN,甲乙经,,UNKNOWN,HFM-A000415
PAPER-HFM-A000417,634-脱疽_的历史演变及现代意义,UNKNOWN,UNKNOWN,UNKNOWN,UNKNOWN,甲乙经,,UNKNOWN,HFM-A000417
PAPER-HFM-A000419,64-《针灸甲乙经》之汗症选穴思路刍议,UNKNOWN,UNKNOWN,UNKNOWN,UNKNOWN,甲乙经,,UNKNOWN,HFM-A000419
PAPER-HFM-A000422,645定喘、天突穴平喘作用及机制研究进展,UNKNOWN,UNKNOWN,UNKNOWN,UNKNOWN,甲乙经,,UNKNOWN,HFM-A000422
PAPER-HFM-A000424,647-李志道教授太溪穴定位与临床应用拾贝,UNKNOWN,UNKNOWN,UNKNOWN,UNKNOWN,甲乙经,,UNKNOWN,HFM-A000424
PAPER-HFM-A000425,648-井穴的施术方法考,UNKNOWN,UNKNOWN,UNKNOWN,UNKNOWN,甲乙经,,UNKNOWN,HFM-A000425
PAPER-HFM-A000426,649-翳风穴临床应用体会,UNKNOWN,UNKNOWN,UNKNOWN,UNKNOWN,甲乙经,,UNKNOWN,HFM-A000426
PAPER-HFM-A000427,65-《针灸甲乙经》甲乙两字之我见,UNKNOWN,UNKNOWN,UNKNOWN,UNKNOWN,甲乙经,,UNKNOWN,HFM-A000427
PAPER-HFM-A000429,652-论肾风病的现代观,UNKNOWN,UNKNOWN,UNKNOWN,UNKNOWN,甲乙经,,UNKNOWN,HFM-A000429
PAPER-HFM-A000430,653-宋校本《千金要方》增补文献初考,UNKNOWN,UNKNOWN,UNKNOWN,UNKNOWN,甲乙经,,UNKNOWN,HFM-A000430
PAPER-HFM-A000431,654-壮医脐环穴的历史渊源、理论基础与临床研究,UNKNOWN,UNKNOWN,UNKNOWN,UNKNOWN,甲乙经,,UNKNOWN,HFM-A000431
PAPER-HFM-A000432,655-手三里六临床应用,UNKNOWN,UNKNOWN,UNKNOWN,UNKNOWN,甲乙经,,UNKNOWN,HFM-A000432
PAPER-HFM-A000433,656-孙思邈_“药王”桂冠的由来,UNKNOWN,UNKNOWN,UNKNOWN,UNKNOWN,甲乙经,,UNKNOWN,HFM-A000433
PAPER-HFM-A000434,657-考“(宀免)”,UNKNOWN,UNKNOWN,UNKNOWN,UNKNOWN,甲乙经,,UNKNOWN,HFM-A000434
PAPER-HFM-A000435,658-膻中穴的古今研究,UNKNOWN,UNKNOWN,UNKNOWN,UNKNOWN,甲乙经,,UNKNOWN,HFM-A000435
PAPER-HFM-A000436,659-上星穴的临床应用,UNKNOWN,UNKNOWN,UNKNOWN,UNKNOWN,甲乙经,,UNKNOWN,HFM-A000436
PAPER-HFM-A000437,66-《针灸甲乙经》胸痹心痛的诊治特点探析,UNKNOWN,UNKNOWN,UNKNOWN,UNKNOWN,甲乙经,,UNKNOWN,HFM-A000437
PAPER-HFM-A000438,660-率谷六临床应用,UNKNOWN,UNKNOWN,UNKNOWN,UNKNOWN,甲乙经,,UNKNOWN,HFM-A000438
PAPER-HFM-A000439,661-艾灸地机穴治疗原发性痛经,UNKNOWN,UNKNOWN,UNKNOWN,UNKNOWN,甲乙经,,UNKNOWN,HFM-A000439
PAPER-HFM-A000440,662-浅谈针刺与艾灸并用,UNKNOWN,UNKNOWN,UNKNOWN,UNKNOWN,甲乙经,,UNKNOWN,HFM-A000440
PAPER-HFM-A000442,664-李志道教授冲门穴定位存异及临床应用_杨俊涛,UNKNOWN,UNKNOWN,UNKNOWN,UNKNOWN,甲乙经,,UNKNOWN,HFM-A000442
PAPER-HFM-A000443,665-次髎穴的临床应用,UNKNOWN,UNKNOWN,UNKNOWN,UNKNOWN,甲乙经,,UNKNOWN,HFM-A000443
PAPER-HFM-A000444,666-对“头不可多灸”的认识_高希言,UNKNOWN,UNKNOWN,UNKNOWN,UNKNOWN,甲乙经,,UNKNOWN,HFM-A000444
PAPER-HFM-A000445,"667-人中穴,不只是用于急救",UNKNOWN,UNKNOWN,UNKNOWN,UNKNOWN,甲乙经,,UNKNOWN,HFM-A000445
PAPER-HFM-A000446,668-针刺在中医急症中的应用,UNKNOWN,UNKNOWN,UNKNOWN,UNKNOWN,甲乙经,,UNKNOWN,HFM-A000446
PAPER-HFM-A000447,67-《针灸甲乙经》论治溏泄下痢的探析,UNKNOWN,UNKNOWN,UNKNOWN,UNKNOWN,甲乙经,,UNKNOWN,HFM-A000447
PAPER-HFM-A000448,670-大肠俞的临床应用,UNKNOWN,UNKNOWN,UNKNOWN,UNKNOWN,甲乙经,,UNKNOWN,HFM-A000448
PAPER-HFM-A000449,671-百会穴的蜂针临床应用,UNKNOWN,UNKNOWN,UNKNOWN,UNKNOWN,甲乙经,,UNKNOWN,HFM-A000449
PAPER-HFM-A000452,676-石门以何称丹田_朱中书,UNKNOWN,UNKNOWN,UNKNOWN,UNKNOWN,甲乙经,,UNKNOWN,HFM-A000452
PAPER-HFM-A000453,678-针药结合治疗抽动秽语综合征验案,UNKNOWN,UNKNOWN,UNKNOWN,UNKNOWN,甲乙经,,UNKNOWN,HFM-A000453
PAPER-HFM-A000454,679-关于血海穴简便取穴法准确性的探讨_胡成想,UNKNOWN,UNKNOWN,UNKNOWN,UNKNOWN,甲乙经,,UNKNOWN,HFM-A000454
PAPER-HFM-A000455,68-《针灸甲乙经》对现代针灸临床的影响,UNKNOWN,UNKNOWN,UNKNOWN,UNKNOWN,甲乙经,,UNKNOWN,HFM-A000455
PAPER-HFM-A000456,680-从少商穴文献考证谈井穴之定位_王欣,UNKNOWN,UNKNOWN,UNKNOWN,UNKNOWN,甲乙经,,UNKNOWN,HFM-A000456
PAPER-HFM-A000457,681-中髎穴定位、进针点和操作刍议_李汪,UNKNOWN,UNKNOWN,UNKNOWN,UNKNOWN,甲乙经,,UNKNOWN,HFM-A000457
PAPER-HFM-A000459,686-合谷穴的临床应用_侯乔宽,UNKNOWN,UNKNOWN,UNKNOWN,UNKNOWN,甲乙经,,UNKNOWN,HFM-A000459
PAPER-HFM-A000460,69-《针灸甲乙经》在针灸史上的重要地位,UNKNOWN,UNKNOWN,UNKNOWN,UNKNOWN,甲乙经,,UNKNOWN,HFM-A000460
PAPER-HFM-A000461,690-手少阴心经神门穴对冠心病患者的影响_冷俊艳,UNKNOWN,UNKNOWN,UNKNOWN,UNKNOWN,甲乙经,,UNKNOWN,HFM-A000461
PAPER-HFM-A000462,692-募穴的临床应用及作用机制研究概况_刘小艳,UNKNOWN,UNKNOWN,UNKNOWN,UNKNOWN,甲乙经,,UNKNOWN,HFM-A000462
PAPER-HFM-A000463,693-神阙穴古今临床应用探析_高秀花,UNKNOWN,UNKNOWN,UNKNOWN,UNKNOWN,甲乙经,,UNKNOWN,HFM-A000463
PAPER-HFM-A000465,7-依韵校勘《针灸甲乙经》,UNKNOWN,UNKNOWN,UNKNOWN,UNKNOWN,甲乙经,,UNKNOWN,HFM-A000465
PAPER-HFM-A000466,70-《针灸甲乙经》有关浅刺针法理论的研究探析,UNKNOWN,UNKNOWN,UNKNOWN,UNKNOWN,甲乙经,,UNKNOWN,HFM-A000466
PAPER-HFM-A000469,703- 小小银针扎出好身体 ,UNKNOWN,UNKNOWN,UNKNOWN,UNKNOWN,甲乙经,,UNKNOWN,HFM-A000469
PAPER-HFM-A000470,71-《针灸甲乙经》为中国现存最早类书初探,UNKNOWN,UNKNOWN,UNKNOWN,UNKNOWN,甲乙经,,UNKNOWN,HFM-A000470
PAPER-HFM-A000471,713-解溪穴新悟_刘亮,UNKNOWN,UNKNOWN,UNKNOWN,UNKNOWN,甲乙经,,UNKNOWN,HFM-A000471
PAPER-HFM-A000473,72-《针灸甲乙经》中精神疾病病名浅释,UNKNOWN,UNKNOWN,UNKNOWN,UNKNOWN,甲乙经,,UNKNOWN,HFM-A000473
PAPER-HFM-A000474,720-浮郄穴治疗不寐症机制浅谈_程剑,UNKNOWN,UNKNOWN,UNKNOWN,UNKNOWN,甲乙经,,UNKNOWN,HFM-A000474
PAPER-HFM-A000475,73-《针灸甲乙经》治疗癫病的疗法特点分析,UNKNOWN,UNKNOWN,UNKNOWN,UNKNOWN,甲乙经,,UNKNOWN,HFM-A000475
PAPER-HFM-A000476,730-中脘穴的临床应用概况_秦会帮,UNKNOWN,UNKNOWN,UNKNOWN,UNKNOWN,甲乙经,,UNKNOWN,HFM-A000476
PAPER-HFM-A000477,74-《针灸甲乙经》中《明堂》重言词义考释,UNKNOWN,UNKNOWN,UNKNOWN,UNKNOWN,甲乙经,,UNKNOWN,HFM-A000477
PAPER-HFM-A000478,75-探析《针灸甲乙经》治疗头痛的选穴规律,UNKNOWN,UNKNOWN,UNKNOWN,UNKNOWN,甲乙经,,UNKNOWN,HFM-A000478
PAPER-HFM-A000479,76-《针灸甲乙经》治疗咽喉部病症选穴特点探析,UNKNOWN,UNKNOWN,UNKNOWN,UNKNOWN,甲乙经,,UNKNOWN,HFM-A000479
PAPER-HFM-A000481,77-《针灸甲乙经》中牙痛的诊治特点探析,UNKNOWN,UNKNOWN,UNKNOWN,UNKNOWN,甲乙经,,UNKNOWN,HFM-A000481
PAPER-HFM-A000482,776-三阴交单穴急诊应用_罗丹,UNKNOWN,UNKNOWN,UNKNOWN,UNKNOWN,甲乙经,,UNKNOWN,HFM-A000482
PAPER-HFM-A000483,777-庞安时与《伤寒总病论》_相鲁闽,UNKNOWN,UNKNOWN,UNKNOWN,UNKNOWN,甲乙经,,UNKNOWN,HFM-A000483
PAPER-HFM-A000484,783-吴崑《针方六集》学术思想探析_张倩,UNKNOWN,UNKNOWN,UNKNOWN,UNKNOWN,甲乙经,,UNKNOWN,HFM-A000484
PAPER-HFM-A000485,79-现代针灸学视域下《针灸甲乙经》以部论穴的临床价值,UNKNOWN,UNKNOWN,UNKNOWN,UNKNOWN,甲乙经,,UNKNOWN,HFM-A000485
PAPER-HFM-A000486,793-环跳穴临床应用举隅_郑渝凡,UNKNOWN,UNKNOWN,UNKNOWN,UNKNOWN,甲乙经,,UNKNOWN,HFM-A000486
PAPER-HFM-A000487,8-《针灸甲乙经》之研究现状,UNKNOWN,UNKNOWN,UNKNOWN,UNKNOWN,甲乙经,,UNKNOWN,HFM-A000487
PAPER-HFM-A000488,80-《针灸甲乙经》_搏__搏_正误辨,UNKNOWN,UNKNOWN,UNKNOWN,UNKNOWN,甲乙经,,UNKNOWN,HFM-A000488
PAPER-HFM-A000489,802-杨兆钢调神针刺法治疗焦虑症验案1则_郭士明,UNKNOWN,UNKNOWN,UNKNOWN,UNKNOWN,甲乙经,,UNKNOWN,HFM-A000489
PAPER-HFM-A000493,81-剖析《针灸甲乙经》禁针穴的形态学依据,UNKNOWN,UNKNOWN,UNKNOWN,UNKNOWN,甲乙经,,UNKNOWN,HFM-A000493
PAPER-HFM-A000495,814-敦煌《灸经图》足太阳经理论研究_赵小强,UNKNOWN,UNKNOWN,UNKNOWN,UNKNOWN,甲乙经,,UNKNOWN,HFM-A000495
PAPER-HFM-A000499,82-《针灸甲乙经》的成因及对后世的影响,UNKNOWN,UNKNOWN,UNKNOWN,UNKNOWN,甲乙经,,UNKNOWN,HFM-A000499
PAPER-HFM-A000501,824-“肾藏精”藏象基础理论核心概念诠释_师双斌,UNKNOWN,UNKNOWN,UNKNOWN,UNKNOWN,甲乙经,,UNKNOWN,HFM-A000501
PAPER-HFM-A000506,83-现代针灸学视域下《针灸甲乙经》以部论穴的临床价值 (1),UNKNOWN,UNKNOWN,UNKNOWN,UNKNOWN,甲乙经,,UNKNOWN,HFM-A000506
PAPER-HFM-A000511,837-陈莹教授治疗抗心磷脂抗体所致不孕的经验总结_韩松雪,UNKNOWN,UNKNOWN,UNKNOWN,UNKNOWN,甲乙经,,UNKNOWN,HFM-A000511
PAPER-HFM-A000516,85-探讨《针灸甲乙经》对精神疾病的认识及论治,UNKNOWN,UNKNOWN,UNKNOWN,UNKNOWN,甲乙经,,UNKNOWN,HFM-A000516
PAPER-HFM-A000519,86-《针灸甲乙经》中太冲穴的定位及临床应用,UNKNOWN,UNKNOWN,UNKNOWN,UNKNOWN,甲乙经,,UNKNOWN,HFM-A000519
PAPER-HFM-A000520,87-基于《针灸甲乙经》探析古今针刺深浅异同奥秘,UNKNOWN,UNKNOWN,UNKNOWN,UNKNOWN,甲乙经,,UNKNOWN,HFM-A000520
PAPER-HFM-A000521,88-晋代医家皇甫谧《针灸甲乙经》学术思想浅析,UNKNOWN,UNKNOWN,UNKNOWN,UNKNOWN,甲乙经,皇甫谧,UNKNOWN,HFM-A000521
PAPER-HFM-A000522,89-试论《针灸甲乙经》对临证取穴的指导,UNKNOWN,UNKNOWN,UNKNOWN,UNKNOWN,甲乙经,,UNKNOWN,HFM-A000522
PAPER-HFM-A000523,9-浅析《针灸甲乙经》针刺禁忌,UNKNOWN,UNKNOWN,UNKNOWN,UNKNOWN,甲乙经,,UNKNOWN,HFM-A000523
PAPER-HFM-A000524,90-《黄帝三部针灸甲乙经新校》的三点商榷,UNKNOWN,UNKNOWN,UNKNOWN,UNKNOWN,甲乙经,,UNKNOWN,HFM-A000524
PAPER-HFM-A000525,92-试论皇甫谧《针灸甲乙经》对腧穴学的贡献,UNKNOWN,UNKNOWN,UNKNOWN,UNKNOWN,甲乙经,皇甫谧,UNKNOWN,HFM-A000525
PAPER-HFM-A000527,99-《针灸甲乙经》与《太素》互校内容考辨,UNKNOWN,UNKNOWN,UNKNOWN,UNKNOWN,甲乙经,,UNKNOWN,HFM-A000527
