ITEM_ID,PRIORITY,CLASSIFICATION
HFM-A000416,R3_LOW_VALUE,PARTIAL_NEEDS_REPROCESSING
HFM-A000418,R3_LOW_VALUE,PARTIAL_NEEDS_REPROCESSING
HFM-A000420,R3_LOW_VALUE,PARTIAL_NEEDS_REPROCESSING
HFM-A000421,R3_LOW_VALUE,PARTIAL_NEEDS_REPROCESSING
HFM-A000428,R3_LOW_VALUE,PARTIAL_NEEDS_REPROCESSING
HFM-A000490,R3_LOW_VALUE,PARTIAL_NEEDS_REPROCESSING
HFM-A000491,R3_LOW_VALUE,PARTIAL_NEEDS_REPROCESSING
HFM-A000492,R3_LOW_VALUE,PARTIAL_NEEDS_REPROCESSING
HFM-A000497,R3_LOW_VALUE,PARTIAL_NEEDS_REPROCESSING
HFM-A000498,R3_LOW_VALUE,PARTIAL_NEEDS_REPROCESSING
HFM-A000502,R3_LOW_VALUE,PARTIAL_NEEDS_REPROCESSING
HFM-A000504,R3_LOW_VALUE,PARTIAL_NEEDS_REPROCESSING
HFM-A000505,R3_LOW_VALUE,PARTIAL_NEEDS_REPROCESSING
HFM-A000507,R3_LOW_VALUE,PARTIAL_NEEDS_REPROCESSING
HFM-A000508,R3_LOW_VALUE,PARTIAL_NEEDS_REPROCESSING
HFM-A000509,R3_LOW_VALUE,PARTIAL_NEEDS_REPROCESSING
HFM-A000510,R3_LOW_VALUE,PARTIAL_NEEDS_REPROCESSING
HFM-A000512,R3_LOW_VALUE,PARTIAL_NEEDS_REPROCESSING
HFM-A000513,R3_LOW_VALUE,PARTIAL_NEEDS_REPROCESSING
HFM-A000529,R3_LOW_VALUE,PARTIAL_NEEDS_REPROCESSING
HFM-A000530,R3_LOW_VALUE,PARTIAL_NEEDS_REPROCESSING
HFM-A000531,R3_LOW_VALUE,PARTIAL_NEEDS_REPROCESSING
HFM-A000532,R3_LOW_VALUE,PARTIAL_NEEDS_REPROCESSING
HFM-A000533,R1_CORE_STRUCTURE,PARTIAL_BLOCKS_CORE_CONTENT
HFM-A000534,R1_CORE_STRUCTURE,PARTIAL_BLOCKS_CORE_CONTENT
HFM-A000535,R1_CORE_STRUCTURE,PARTIAL_BLOCKS_CORE_CONTENT
HFM-A000536,R1_CORE_STRUCTURE,PARTIAL_BLOCKS_CORE_CONTENT
HFM-A000537,R1_CORE_STRUCTURE,PARTIAL_BLOCKS_CORE_CONTENT
HFM-A000538,R1_CORE_STRUCTURE,PARTIAL_BLOCKS_CORE_CONTENT
HFM-A000539,R1_CORE_STRUCTURE,PARTIAL_BLOCKS_CORE_CONTENT
HFM-A000540,R1_CORE_STRUCTURE,PARTIAL_BLOCKS_CORE_CONTENT
HFM-A000541,R3_LOW_VALUE,PARTIAL_NEEDS_REPROCESSING
HFM-A000542,R1_CORE_STRUCTURE,PARTIAL_BLOCKS_CORE_CONTENT
HFM-A000543,R1_CORE_STRUCTURE,PARTIAL_BLOCKS_CORE_CONTENT
HFM-A000544,R1_CORE_STRUCTURE,PARTIAL_BLOCKS_CORE_CONTENT
HFM-A000545,R1_CORE_STRUCTURE,PARTIAL_BLOCKS_CORE_CONTENT
HFM-A000546,R1_CORE_STRUCTURE,PARTIAL_BLOCKS_CORE_CONTENT
HFM-A000547,R3_LOW_VALUE,PARTIAL_NEEDS_REPROCESSING
HFM-A000548,R3_LOW_VALUE,PARTIAL_NEEDS_REPROCESSING
HFM-A000549,R3_LOW_VALUE,PARTIAL_NEEDS_REPROCESSING
HFM-A000550,R3_LOW_VALUE,PARTIAL_NEEDS_REPROCESSING
HFM-A000551,R3_LOW_VALUE,PARTIAL_NEEDS_REPROCESSING
HFM-A000552,R3_LOW_VALUE,PARTIAL_NEEDS_REPROCESSING
HFM-A000553,R3_LOW_VALUE,PARTIAL_NEEDS_REPROCESSING
HFM-A000554,R3_LOW_VALUE,PARTIAL_NEEDS_REPROCESSING
HFM-A000555,R3_LOW_VALUE,PARTIAL_NEEDS_REPROCESSING
HFM-A000556,R3_LOW_VALUE,PARTIAL_NEEDS_REPROCESSING
HFM-A000557,R3_LOW_VALUE,PARTIAL_NEEDS_REPROCESSING
HFM-A000558,R3_LOW_VALUE,PARTIAL_NEEDS_REPROCESSING
HFM-A000559,R3_LOW_VALUE,PARTIAL_NEEDS_REPROCESSING
HFM-A000560,R1_CORE_STRUCTURE,PARTIAL_BLOCKS_CORE_CONTENT
HFM-A000561,R1_CORE_STRUCTURE,PARTIAL_BLOCKS_CORE_CONTENT
HFM-A000562,R1_CORE_STRUCTURE,PARTIAL_BLOCKS_CORE_CONTENT
HFM-A000563,R1_CORE_STRUCTURE,PARTIAL_BLOCKS_CORE_CONTENT
HFM-A000564,R3_LOW_VALUE,PARTIAL_NEEDS_REPROCESSING
HFM-A000565,R3_LOW_VALUE,PARTIAL_NEEDS_REPROCESSING
HFM-A000566,R3_LOW_VALUE,PARTIAL_NEEDS_REPROCESSING
HFM-A000567,R3_LOW_VALUE,PARTIAL_NEEDS_REPROCESSING
HFM-A000568,R3_LOW_VALUE,PARTIAL_NEEDS_REPROCESSING
HFM-A000569,R3_LOW_VALUE,PARTIAL_NEEDS_REPROCESSING
HFM-A000570,R3_LOW_VALUE,PARTIAL_NEEDS_REPROCESSING
HFM-A000571,R3_LOW_VALUE,PARTIAL_NEEDS_REPROCESSING
HFM-A000573,R3_LOW_VALUE,PARTIAL_NEEDS_REPROCESSING
HFM-A000574,R3_LOW_VALUE,PARTIAL_NEEDS_REPROCESSING
HFM-A000575,R3_LOW_VALUE,PARTIAL_NEEDS_REPROCESSING
HFM-A000576,R3_LOW_VALUE,PARTIAL_NEEDS_REPROCESSING
HFM-A000577,R3_LOW_VALUE,PARTIAL_NEEDS_REPROCESSING
HFM-A000578,R3_LOW_VALUE,PARTIAL_NEEDS_REPROCESSING
HFM-A000579,R3_LOW_VALUE,PARTIAL_NEEDS_REPROCESSING
HFM-A000580,R3_LOW_VALUE,PARTIAL_NEEDS_REPROCESSING
HFM-A000581,R3_LOW_VALUE,PARTIAL_NEEDS_REPROCESSING
HFM-A000582,R3_LOW_VALUE,PARTIAL_NEEDS_REPROCESSING
HFM-A000583,R3_LOW_VALUE,PARTIAL_NEEDS_REPROCESSING
HFM-A000584,R3_LOW_VALUE,PARTIAL_NEEDS_REPROCESSING
HFM-A000585,R3_LOW_VALUE,PARTIAL_NEEDS_REPROCESSING
HFM-A000586,R3_LOW_VALUE,PARTIAL_NEEDS_REPROCESSING
HFM-A000587,R3_LOW_VALUE,PARTIAL_NEEDS_REPROCESSING
HFM-A000588,R3_LOW_VALUE,PARTIAL_NEEDS_REPROCESSING
HFM-A000589,R3_LOW_VALUE,PARTIAL_NEEDS_REPROCESSING
HFM-A000590,R3_LOW_VALUE,PARTIAL_NEEDS_REPROCESSING
HFM-A000591,R3_LOW_VALUE,PARTIAL_NEEDS_REPROCESSING
HFM-A000592,R3_LOW_VALUE,PARTIAL_NEEDS_REPROCESSING
HFM-A000593,R3_LOW_VALUE,PARTIAL_NEEDS_REPROCESSING
HFM-A000594,R3_LOW_VALUE,PARTIAL_NEEDS_REPROCESSING
HFM-A000595,R3_LOW_VALUE,PARTIAL_NEEDS_REPROCESSING
HFM-A000596,R3_LOW_VALUE,PARTIAL_NEEDS_REPROCESSING
HFM-A000597,R3_LOW_VALUE,PARTIAL_NEEDS_REPROCESSING
HFM-A000598,R3_LOW_VALUE,PARTIAL_NEEDS_REPROCESSING
HFM-A000599,R3_LOW_VALUE,PARTIAL_NEEDS_REPROCESSING
HFM-A000600,R3_LOW_VALUE,PARTIAL_NEEDS_REPROCESSING
HFM-A000601,R3_LOW_VALUE,PARTIAL_NEEDS_REPROCESSING
HFM-A000602,R3_LOW_VALUE,PARTIAL_NEEDS_REPROCESSING
HFM-A000603,R3_LOW_VALUE,PARTIAL_NEEDS_REPROCESSING
HFM-A000604,R3_LOW_VALUE,PARTIAL_NEEDS_REPROCESSING
HFM-A000605,R3_LOW_VALUE,PARTIAL_NEEDS_REPROCESSING
HFM-A000606,R3_LOW_VALUE,PARTIAL_NEEDS_REPROCESSING
HFM-A000607,R3_LOW_VALUE,PARTIAL_NEEDS_REPROCESSING
HFM-A000608,R3_LOW_VALUE,PARTIAL_NEEDS_REPROCESSING
HFM-A000609,R3_LOW_VALUE,PARTIAL_NEEDS_REPROCESSING
HFM-A000610,R3_LOW_VALUE,PARTIAL_NEEDS_REPROCESSING
HFM-A000611,R3_LOW_VALUE,PARTIAL_NEEDS_REPROCESSING
HFM-A000612,R3_LOW_VALUE,PARTIAL_NEEDS_REPROCESSING
HFM-A000613,R3_LOW_VALUE,PARTIAL_NEEDS_REPROCESSING
HFM-A000614,R3_LOW_VALUE,PARTIAL_NEEDS_REPROCESSING
HFM-A000615,R3_LOW_VALUE,PARTIAL_NEEDS_REPROCESSING
HFM-A000616,R3_LOW_VALUE,PARTIAL_NEEDS_REPROCESSING
HFM-A000617,R3_LOW_VALUE,PARTIAL_NEEDS_REPROCESSING
HFM-A000618,R3_LOW_VALUE,PARTIAL_NEEDS_REPROCESSING
HFM-A000619,R3_LOW_VALUE,PARTIAL_NEEDS_REPROCESSING
HFM-A000620,R3_LOW_VALUE,PARTIAL_NEEDS_REPROCESSING
HFM-A000621,R3_LOW_VALUE,PARTIAL_NEEDS_REPROCESSING
HFM-A000622,R3_LOW_VALUE,PARTIAL_NEEDS_REPROCESSING
HFM-A000627,R3_LOW_VALUE,PARTIAL_NEEDS_REPROCESSING
HFM-A000633,R3_LOW_VALUE,PARTIAL_NEEDS_REPROCESSING
HFM-A000638,R3_LOW_VALUE,PARTIAL_NEEDS_REPROCESSING
HFM-A000644,R3_LOW_VALUE,PARTIAL_NEEDS_REPROCESSING
HFM-A000649,R3_LOW_VALUE,PARTIAL_NEEDS_REPROCESSING
HFM-A000654,R3_LOW_VALUE,PARTIAL_NEEDS_REPROCESSING
HFM-A000660,R3_LOW_VALUE,PARTIAL_NEEDS_REPROCESSING
HFM-A000665,R3_LOW_VALUE,PARTIAL_NEEDS_REPROCESSING
HFM-A000671,R3_LOW_VALUE,PARTIAL_NEEDS_REPROCESSING
HFM-A000676,R3_LOW_VALUE,PARTIAL_NEEDS_REPROCESSING
HFM-A000685,R3_LOW_VALUE,PARTIAL_NEEDS_REPROCESSING
EVIDENCE-001,R0_CORE_FACT,REVIEW_FIRST
EVIDENCE-002,R0_CORE_FACT,REVIEW_FIRST
EVIDENCE-003,R0_CORE_FACT,REVIEW_FIRST
EVIDENCE-010,R0_CORE_FACT,REVIEW_FIRST
