BATCH_ID,ASSET_ID,SOURCE_PATH,SHA256,FILE_TYPE,CONTENT_CATEGORY,CONTENT_OBJECT_TYPE,SELECTION_REASON,PROCESSING_METHOD,EXPECTED_OUTPUT,SOURCE_STATUS,RIGHTS_STATUS
B02,HFM-A000533,针灸甲乙经/论著/《甲乙经》五车楼藏板（明万历吴勉学）/《甲乙经》五车楼藏板 2.pdf,44e170b23c50d17ce2d26f61f8fe3b9473c99075119be179c0d47278fe34c493,PDF,JIAYI_EDITION,SCANNED_OLD_BOOK,b02 controlled-scale representative sample,PROFILE_THEN_ROUTE_A_B_C,page-map + extracted-text/raw-ocr,NEEDS_REVIEW,NEEDS_CUSTOMER_CONFIRMATION
B02,HFM-A000537,针灸甲乙经/论著/《甲乙经》行素草堂藏板清光绪/《甲乙经》行素草堂藏板清光绪卷一二.pdf,72718411151893e65aebce4927d406cd002fbd188d273ccaee7fac9f7c6d9ef6,PDF,JIAYI_EDITION,SCANNED_OLD_BOOK,b02 controlled-scale representative sample,PROFILE_THEN_ROUTE_A_B_C,page-map + extracted-text/raw-ocr,NEEDS_REVIEW,NEEDS_CUSTOMER_CONFIRMATION
B02,HFM-A000542,针灸甲乙经/论著/《针灸甲乙经》医统正脉全书明万历29年吴勉学（1601）/《针灸甲乙经》医统正脉全书1.pdf,222f8720504c492b7b4c71596fa3c64ac2fdeff8ca3ab2a8a9fc99a89f96df07,PDF,JIAYI_EDITION,SCANNED_OLD_BOOK,b02 controlled-scale representative sample,PROFILE_THEN_ROUTE_A_B_C,page-map + extracted-text/raw-ocr,NEEDS_REVIEW,NEEDS_CUSTOMER_CONFIRMATION
B02,HFM-A000547,针灸甲乙经/论著/《针灸甲乙经》四库全书本清乾隆/《针灸甲乙经》四库全书本卷一.pdf,e7bab244a7b94e9d6c2c0f945249787eb61e3ada89849d6746628fd81a0d7b6a,PDF,JIAYI_EDITION,SCANNED_OLD_BOOK,b02 controlled-scale representative sample,PROFILE_THEN_ROUTE_A_B_C,page-map + extracted-text/raw-ocr,NEEDS_REVIEW,NEEDS_CUSTOMER_CONFIRMATION
B02,HFM-A000551,针灸甲乙经/论著/《针灸甲乙经》四库全书本清乾隆/《针灸甲乙经》四库全书本卷八九.pdf,887ce17089f570bb6bcbfb1825912ed5493853e283320386a0b675d2a828f5d1,PDF,JIAYI_EDITION,SCANNED_OLD_BOOK,b02 controlled-scale representative sample,PROFILE_THEN_ROUTE_A_B_C,page-map + extracted-text/raw-ocr,NEEDS_REVIEW,NEEDS_CUSTOMER_CONFIRMATION
B02,HFM-A000560,针灸甲乙经/论著/甲乙经全册1.pdf,796aab136ad1dbbc37057c2d2888e8898da9a28bce1f7f4956c22ee953222968,PDF,JIAYI_EDITION,SCANNED_OLD_BOOK,b02 controlled-scale representative sample,PROFILE_THEN_ROUTE_A_B_C,page-map + extracted-text/raw-ocr,NEEDS_REVIEW,NEEDS_CUSTOMER_CONFIRMATION
B02,HFM-A000564,针灸甲乙经/论著/皇帝甲乙经/《黄帝三部针灸甲乙经》上海科学技术出版社2017/《黄帝三部针灸甲乙经》上海科学技术出版社2017（三）.pdf,cec2468150898bafaba49173fd8832f8804cc84678f2290b1786ead46fd37692,PDF,JIAYI,MODERN_BOOK_OR_OTHER,b02 controlled-scale representative sample,PROFILE_THEN_ROUTE_A_B_C,page-map + extracted-text/raw-ocr,NEEDS_REVIEW,NEEDS_CUSTOMER_CONFIRMATION
B02,HFM-A000569,针灸甲乙经/论著/皇帝甲乙经/《黄帝甲乙经》江左书林印1977曹智涵校正/《黄帝甲乙经》江左书林印1977曹智涵校正3.pdf,dde73563a3291ca08bac956ff3315ab1cbace16906940404fb7c48917a528d17,PDF,JIAYI,MODERN_BOOK_OR_OTHER,b02 controlled-scale representative sample,PROFILE_THEN_ROUTE_A_B_C,page-map + extracted-text/raw-ocr,NEEDS_REVIEW,NEEDS_CUSTOMER_CONFIRMATION
B02,HFM-A000574,针灸甲乙经/论著/皇帝甲乙经/帝王世纪/《帝王世纪、山海经、逸周书》1996.pdf,261e8973f77512de8a922b7e5f133330e7fb1196ae19772a9c2cd00d60b9b94c,PDF,JIAYI,MODERN_BOOK_OR_OTHER,b02 controlled-scale representative sample,PROFILE_THEN_ROUTE_A_B_C,page-map + extracted-text/raw-ocr,NEEDS_REVIEW,NEEDS_CUSTOMER_CONFIRMATION
B02,HFM-A000529,针灸甲乙经/论著/10023266.pdf,765652180b12950fb7a8676a91c9dcd7826946802e5ef553d3e513f33341ca9f,PDF,JIAYI,MODERN_BOOK_OR_OTHER,b02 controlled-scale representative sample,PROFILE_THEN_ROUTE_A_B_C,page-map + extracted-text/raw-ocr,NEEDS_REVIEW,NEEDS_CUSTOMER_CONFIRMATION
B02,HFM-A000557,针灸甲乙经/论著/《针灸甲乙经理论与实践》中国中医药出版社2017高树中.pdf,0194ee034089038760368b005984e5b0cc5497fa1d375da44192324cdf7424ee,PDF,JIAYI,MODERN_BOOK_OR_OTHER,b02 controlled-scale representative sample,PROFILE_THEN_ROUTE_A_B_C,page-map + extracted-text/raw-ocr,NEEDS_REVIEW,NEEDS_CUSTOMER_CONFIRMATION
B02,HFM-A000581,针灸甲乙经/论著/针灸甲乙经校注/《针灸甲乙经》学苑出版社2007刘聪.pdf,dc209dd25d77e7146a8a3a74ca0fef0e8cb877577b90d2dd602714445ebd96fe,PDF,JIAYI,MODERN_BOOK_OR_OTHER,b02 controlled-scale representative sample,PROFILE_THEN_ROUTE_A_B_C,page-map + extracted-text/raw-ocr,NEEDS_REVIEW,NEEDS_CUSTOMER_CONFIRMATION
B02,HFM-A000587,针灸甲乙经/论著/针灸甲乙经校注/《针灸甲乙经》贵州教育出版社2010贾成文.pdf,b48ead179d21331279379f48126490dd3451fc2e8212ebf814aae3de5a145167,PDF,JIAYI,MODERN_BOOK_OR_OTHER,b02 controlled-scale representative sample,PROFILE_THEN_ROUTE_A_B_C,page-map + extracted-text/raw-ocr,NEEDS_REVIEW,NEEDS_CUSTOMER_CONFIRMATION
B02,HFM-A000594,针灸甲乙经/论著/针灸甲乙经校注/《针灸甲乙经（一）》广州出版社陈国勇2003（/《针灸甲乙经（二）》广州出版社陈国勇2003.pdf,6eb4c771a7a598ea499891200ad546bf732cc5f2f801ddd7cc4b97dc2b71dea6,PDF,JIAYI,MODERN_BOOK_OR_OTHER,b02 controlled-scale representative sample,PROFILE_THEN_ROUTE_A_B_C,page-map + extracted-text/raw-ocr,NEEDS_REVIEW,NEEDS_CUSTOMER_CONFIRMATION
B02,HFM-A000600,针灸甲乙经/论著/针灸甲乙经校注/中国中医药出版社/《针灸甲乙经》中国医药科技出版社2011赵燕宜.pdf,2f7a82d0b5e01bfe1124984e0df27e421abfd4c6ce75a38fef7766f0735ae615,PDF,JIAYI,MODERN_BOOK_OR_OTHER,b02 controlled-scale representative sample,PROFILE_THEN_ROUTE_A_B_C,page-map + extracted-text/raw-ocr,NEEDS_REVIEW,NEEDS_CUSTOMER_CONFIRMATION
B02,HFM-A000607,针灸甲乙经/论著/针灸甲乙经校注/山东中医学院/《针灸甲乙经校释》山东中医学院1979上册+下册 (3).pdf,c9c59e7523e2972a6fbff6a0acaa67ba5bea6a285bd25c4c51103e9962ab66ff,PDF,JIAYI,MODERN_BOOK_OR_OTHER,b02 controlled-scale representative sample,PROFILE_THEN_ROUTE_A_B_C,page-map + extracted-text/raw-ocr,NEEDS_REVIEW,NEEDS_CUSTOMER_CONFIRMATION
B02,HFM-A000613,针灸甲乙经/论著/针灸甲乙经校注/张灿岬/《针灸甲乙经校注》（张灿玾、徐国千）1996（1）.pdf,a19cf30e137f9718b0f0a95983ef07f89ccdb49a955d1a67be13dfb9a1a39a77,PDF,JIAYI,MODERN_BOOK_OR_OTHER,b02 controlled-scale representative sample,PROFILE_THEN_ROUTE_A_B_C,page-map + extracted-text/raw-ocr,NEEDS_REVIEW,NEEDS_CUSTOMER_CONFIRMATION
B02,HFM-A000013,针灸甲乙经/论文/针灸甲乙经/1-《针灸甲乙经》的读法.pdf,cb31884b4a2666bdd5c9c7d33d0e1451bf008760c7a52de616eb61364c0a8b44,PDF,JIAYI_RESEARCH_PAPER,ACADEMIC_PAPER,b02 controlled-scale representative sample,PROFILE_THEN_ROUTE_A_B_C,page-map + extracted-text/raw-ocr,NEEDS_REVIEW,NEEDS_CUSTOMER_CONFIRMATION
B02,HFM-A000037,针灸甲乙经/论文/针灸甲乙经/15-《针灸甲乙经》便秘治疗的源流探析.pdf,81c97369d55d317a09975fb9ed186a8508542bf3c877912f58971304903e6eae,PDF,JIAYI_RESEARCH_PAPER,ACADEMIC_PAPER,b02 controlled-scale representative sample,PROFILE_THEN_ROUTE_A_B_C,page-map + extracted-text/raw-ocr,NEEDS_REVIEW,NEEDS_CUSTOMER_CONFIRMATION
B02,HFM-A000050,针灸甲乙经/论文/针灸甲乙经/179-皇甫谧与《针灸甲乙经》.pdf,12bd6714f50def78ad3c51f449cb4ca70161416403b75699f0d4afb0f0369d57,PDF,JIAYI_RESEARCH_PAPER,ACADEMIC_PAPER,b02 controlled-scale representative sample,PROFILE_THEN_ROUTE_A_B_C,page-map + extracted-text/raw-ocr,NEEDS_REVIEW,NEEDS_CUSTOMER_CONFIRMATION
B02,HFM-A000062,针灸甲乙经/论文/针灸甲乙经/196-《针灸甲乙经》中妇科疾病的取穴规律探析.pdf,61cca789b100b23bbc12e02a389d5130864f07ed4fe813f88a8bcc9572a5e195,PDF,JIAYI_RESEARCH_PAPER,ACADEMIC_PAPER,b02 controlled-scale representative sample,PROFILE_THEN_ROUTE_A_B_C,page-map + extracted-text/raw-ocr,NEEDS_REVIEW,NEEDS_CUSTOMER_CONFIRMATION
B02,HFM-A000086,针灸甲乙经/论文/针灸甲乙经/225-三才理论在针灸治疗热病中的应用探讨.pdf,e4100039abef7f93a2e5a689a1cd09377005ede0c7c6a95a1d3bd26f5edf7ef2,PDF,JIAYI_RESEARCH_PAPER,ACADEMIC_PAPER,b02 controlled-scale representative sample,PROFILE_THEN_ROUTE_A_B_C,page-map + extracted-text/raw-ocr,NEEDS_REVIEW,NEEDS_CUSTOMER_CONFIRMATION
B02,HFM-A000111,针灸甲乙经/论文/针灸甲乙经/253-针灸补泻手法初探.pdf,ad8a5c8f15e5575acbc26e12a0856f113f6a96edbae3e17366b526dcaa4c0ee5,PDF,JIAYI_RESEARCH_PAPER,ACADEMIC_PAPER,b02 controlled-scale representative sample,PROFILE_THEN_ROUTE_A_B_C,page-map + extracted-text/raw-ocr,NEEDS_REVIEW,NEEDS_CUSTOMER_CONFIRMATION
B02,HFM-A000135,针灸甲乙经/论文/针灸甲乙经/352-经筋刺法的理论渊源及发展.pdf,aac2b118e7ae37ef0758c927f3a7903f6d8601ff380d46b1deb5636aa4085805,PDF,JIAYI_RESEARCH_PAPER,ACADEMIC_PAPER,b02 controlled-scale representative sample,PROFILE_THEN_ROUTE_A_B_C,page-map + extracted-text/raw-ocr,NEEDS_REVIEW,NEEDS_CUSTOMER_CONFIRMATION
B02,HFM-A000160,针灸甲乙经/论文/针灸甲乙经/380-关于概括腧穴主治方法的几点思考.pdf,59ec336887245409c46a3f736658decf5f9d34608ea2507556ca8428eca66fe5,PDF,JIAYI_RESEARCH_PAPER,ACADEMIC_PAPER,b02 controlled-scale representative sample,PROFILE_THEN_ROUTE_A_B_C,page-map + extracted-text/raw-ocr,NEEDS_REVIEW,NEEDS_CUSTOMER_CONFIRMATION
B02,HFM-A000184,针灸甲乙经/论文/针灸甲乙经/404-神庭穴临证探讨.pdf,c1997f3fa53ba38b2834a8238df03a107e6e1570eec9abe953325be75ddae864,PDF,JIAYI_RESEARCH_PAPER,ACADEMIC_PAPER,b02 controlled-scale representative sample,PROFILE_THEN_ROUTE_A_B_C,page-map + extracted-text/raw-ocr,NEEDS_REVIEW,NEEDS_CUSTOMER_CONFIRMATION
B02,HFM-A000209,针灸甲乙经/论文/针灸甲乙经/430-背俞穴概述.pdf,b1cf9e283f6a6fae374fcc0ae7442d61bf745c4e882f75d54cabdc7e4da803c8,PDF,JIAYI_RESEARCH_PAPER,ACADEMIC_PAPER,b02 controlled-scale representative sample,PROFILE_THEN_ROUTE_A_B_C,page-map + extracted-text/raw-ocr,NEEDS_REVIEW,NEEDS_CUSTOMER_CONFIRMATION
B02,HFM-A000233,针灸甲乙经/论文/针灸甲乙经/458-(譩)(譆)穴古代文献研究.pdf,01a28d07731f6c09ca2b75f00117f1a94c0aa87ae596f6b3e3b75d783b913257,PDF,JIAYI_RESEARCH_PAPER,ACADEMIC_PAPER,b02 controlled-scale representative sample,PROFILE_THEN_ROUTE_A_B_C,page-map + extracted-text/raw-ocr,NEEDS_REVIEW,NEEDS_CUSTOMER_CONFIRMATION
B02,HFM-A000258,针灸甲乙经/论文/针灸甲乙经/485-《医学六经》考.pdf,8e15a0f0bb45e8453f6e470325057c9487fcc0357b290eaefc643de15e511958,PDF,JIAYI_RESEARCH_PAPER,ACADEMIC_PAPER,b02 controlled-scale representative sample,PROFILE_THEN_ROUTE_A_B_C,page-map + extracted-text/raw-ocr,NEEDS_REVIEW,NEEDS_CUSTOMER_CONFIRMATION
B02,HFM-A000282,针灸甲乙经/论文/针灸甲乙经/507-敦煌《灸经图》足太阳经理论源流探析.pdf,db12e2290c0d63cb9f85bd29126779d2f136c61618378c8ed819d07be538c0ae,PDF,JIAYI_RESEARCH_PAPER,ACADEMIC_PAPER,b02 controlled-scale representative sample,PROFILE_THEN_ROUTE_A_B_C,page-map + extracted-text/raw-ocr,NEEDS_REVIEW,NEEDS_CUSTOMER_CONFIRMATION
B02,HFM-A000307,针灸甲乙经/论文/针灸甲乙经/530-四肢部古代解剖学名词今译.pdf,417b38718f123b943ba5548bbe20ca6bee645a29c90bdc76a65e82d7ab5f186d,PDF,JIAYI_RESEARCH_PAPER,ACADEMIC_PAPER,b02 controlled-scale representative sample,PROFILE_THEN_ROUTE_A_B_C,page-map + extracted-text/raw-ocr,NEEDS_REVIEW,NEEDS_CUSTOMER_CONFIRMATION
B02,HFM-A000331,针灸甲乙经/论文/针灸甲乙经/552-环跳穴的临床应用.pdf,9eb02cd42ceaf048c60fe73913a5e119a49a466217dfa0ed98eaca15f8c4ede6,PDF,JIAYI_RESEARCH_PAPER,ACADEMIC_PAPER,b02 controlled-scale representative sample,PROFILE_THEN_ROUTE_A_B_C,page-map + extracted-text/raw-ocr,NEEDS_REVIEW,NEEDS_CUSTOMER_CONFIRMATION
B02,HFM-A000356,针灸甲乙经/论文/针灸甲乙经/576-身柱穴的临床蜂针治疗功用.pdf,72dda9cd1e4ee6d05824efe62f83b1ca8991851236825f2adfe70571ce1789af,PDF,JIAYI_RESEARCH_PAPER,ACADEMIC_PAPER,b02 controlled-scale representative sample,PROFILE_THEN_ROUTE_A_B_C,page-map + extracted-text/raw-ocr,NEEDS_REVIEW,NEEDS_CUSTOMER_CONFIRMATION
B02,HFM-A000380,针灸甲乙经/论文/针灸甲乙经/599-针刺治疗奔豚气1例.pdf,3d811026b8a8eaa0c8bdcbc19d71a38d8099b071d8ef89798c76d8e8dbb46fe7,PDF,JIAYI_RESEARCH_PAPER,ACADEMIC_PAPER,b02 controlled-scale representative sample,PROFILE_THEN_ROUTE_A_B_C,page-map + extracted-text/raw-ocr,NEEDS_REVIEW,NEEDS_CUSTOMER_CONFIRMATION
B02,HFM-A000405,针灸甲乙经/论文/针灸甲乙经/621-关于龈交穴与上唇系带的探讨.pdf,1a92fbb830cdfbfe83aa7340879ceab79d444993e4952b63fa4fe95d58ede9d1,PDF,JIAYI_RESEARCH_PAPER,ACADEMIC_PAPER,b02 controlled-scale representative sample,PROFILE_THEN_ROUTE_A_B_C,page-map + extracted-text/raw-ocr,NEEDS_REVIEW,NEEDS_CUSTOMER_CONFIRMATION
B02,HFM-A000429,针灸甲乙经/论文/针灸甲乙经/652-论肾风病的现代观.pdf,e8965678d650b8fdd2e6ba22ffc4f2cf0ad661031b8e03b7acb97b0e6b7c96b9,PDF,JIAYI_RESEARCH_PAPER,ACADEMIC_PAPER,b02 controlled-scale representative sample,PROFILE_THEN_ROUTE_A_B_C,page-map + extracted-text/raw-ocr,NEEDS_REVIEW,NEEDS_CUSTOMER_CONFIRMATION
B02,HFM-A000454,针灸甲乙经/论文/针灸甲乙经/679-关于血海穴简便取穴法准确性的探讨_胡成想.pdf,67b259fda6226696f5c2a6656ebf8f56f3b02516ecd5529ccf9bc37f3611b945,PDF,JIAYI_RESEARCH_PAPER,ACADEMIC_PAPER,b02 controlled-scale representative sample,PROFILE_THEN_ROUTE_A_B_C,page-map + extracted-text/raw-ocr,NEEDS_REVIEW,NEEDS_CUSTOMER_CONFIRMATION
B02,HFM-A000478,针灸甲乙经/论文/针灸甲乙经/75-探析《针灸甲乙经》治疗头痛的选穴规律.pdf,a2947ea85b60414684a7a1d32675a26df8dd0fc722b0070d0039f18ffa490cdf,PDF,JIAYI_RESEARCH_PAPER,ACADEMIC_PAPER,b02 controlled-scale representative sample,PROFILE_THEN_ROUTE_A_B_C,page-map + extracted-text/raw-ocr,NEEDS_REVIEW,NEEDS_CUSTOMER_CONFIRMATION
B02,HFM-A000622,非遗佐证/02 领办人荣誉及获奖/1、平凉市名中医.pdf,0b1ccf24a8965f5f035682f6c20274949aa10673db61bd650c4aa7354e3f3f2e,PDF,HERITAGE,HERITAGE_DOC,b02 controlled-scale representative sample,PROFILE_THEN_ROUTE_A_B_C,page-map + extracted-text/raw-ocr,NEEDS_REVIEW,NEEDS_CUSTOMER_CONFIRMATION
B02,HFM-A000627,非遗佐证/02 领办人荣誉及获奖/6、甘肃高层次专业技术人才津贴人员.pdf,3ea22a1d5e60c4f33c2b77c70a057c1f59b668ad25602de0936b918431824296,PDF,HERITAGE,HERITAGE_DOC,b02 controlled-scale representative sample,PROFILE_THEN_ROUTE_A_B_C,page-map + extracted-text/raw-ocr,NEEDS_REVIEW,NEEDS_CUSTOMER_CONFIRMATION
B02,HFM-A000633,非遗佐证/03 非遗传承人资质/皇甫谧针灸市级非物质文化遗产代表性传承人认定文件.pdf,c9737e250cfcbe16fc7d01d20a35fd0a6e9745eee10ebd064aaba21c96a7cb0c,PDF,HERITAGE,HERITAGE_DOC,b02 controlled-scale representative sample,PROFILE_THEN_ROUTE_A_B_C,page-map + extracted-text/raw-ocr,NEEDS_REVIEW,NEEDS_CUSTOMER_CONFIRMATION
B02,HFM-A000638,非遗佐证/04 学术兼职/5、2025全国综合及医科大学针灸推拿学联盟副理事长.pdf,a70fa42246f696d5cbf916e178146cd985fc0271310a9a5ca65f1e4477b5d5ab,PDF,HERITAGE,HERITAGE_DOC,b02 controlled-scale representative sample,PROFILE_THEN_ROUTE_A_B_C,page-map + extracted-text/raw-ocr,NEEDS_REVIEW,NEEDS_CUSTOMER_CONFIRMATION
B02,HFM-A000644,非遗佐证/05 技术成果/1、市级科研成果奖证书复印件/市科技进步二等奖3.pdf,651cf5792ea2f46f004d3394f324eddccaaac73039fb4c8925bb3c1de13a272f,PDF,HERITAGE,HERITAGE_DOC,b02 controlled-scale representative sample,PROFILE_THEN_ROUTE_A_B_C,page-map + extracted-text/raw-ocr,NEEDS_REVIEW,NEEDS_CUSTOMER_CONFIRMATION
B02,HFM-A000649,非遗佐证/05 技术成果/1、市级科研成果奖证书复印件/市科技进步二等奖8.pdf,efd037b718a2bde38c35e161fcbe2547ec92f0c455b0a99405bc22a5f913bac9,PDF,HERITAGE,HERITAGE_DOC,b02 controlled-scale representative sample,PROFILE_THEN_ROUTE_A_B_C,page-map + extracted-text/raw-ocr,NEEDS_REVIEW,NEEDS_CUSTOMER_CONFIRMATION
B02,HFM-A000654,非遗佐证/05 技术成果/2、刘君奇发表论文/中药外敷联合针刺治疗膝关节骨性关节炎的临床疗效及对关节疼痛的影响/（首页）中药外敷联合针刺治疗膝关节骨性关节炎的临床疗效及对关节疼痛的影响.pdf,3ee22a45e6e5065594726ae61e68d5579362f70eec2d2bdaac32b920ae1d2695,PDF,HERITAGE,HERITAGE_DOC,b02 controlled-scale representative sample,PROFILE_THEN_ROUTE_A_B_C,page-map + extracted-text/raw-ocr,NEEDS_REVIEW,NEEDS_CUSTOMER_CONFIRMATION
B02,HFM-A000660,非遗佐证/05 技术成果/2、刘君奇发表论文/皇甫谧滞通针法临床应用/正文4.pdf,8cd1ef1fd6ba84a19b330c42843b9a21b9f90520aa8222fa1d6e352d5484b758,PDF,HERITAGE,HERITAGE_DOC,b02 controlled-scale representative sample,PROFILE_THEN_ROUTE_A_B_C,page-map + extracted-text/raw-ocr,NEEDS_REVIEW,NEEDS_CUSTOMER_CONFIRMATION
B02,HFM-A000665,非遗佐证/05 技术成果/3、主持、参与的市、厅级中医药课题立项或结题证明复印件（十余项）/19社科联项目立项证明.pdf,576184e212e1b271212bf0c1ba5e83deb27fe0b17e7934bb95597bd572d17025,PDF,HERITAGE,HERITAGE_DOC,b02 controlled-scale representative sample,PROFILE_THEN_ROUTE_A_B_C,page-map + extracted-text/raw-ocr,NEEDS_REVIEW,NEEDS_CUSTOMER_CONFIRMATION
B02,HFM-A000671,非遗佐证/06 媒体报道/3、甘肃卫视等栏目宣传报道截图或链接/灵台县.pdf,607b1cfdf861899d0cc50c170854d3148fd24ef9f96262aef2e1a79933da7dce,PDF,HERITAGE,HERITAGE_DOC,b02 controlled-scale representative sample,PROFILE_THEN_ROUTE_A_B_C,page-map + extracted-text/raw-ocr,NEEDS_REVIEW,NEEDS_CUSTOMER_CONFIRMATION
B02,HFM-A000676,非遗佐证/06 媒体报道/4、2025年4月25日中央电视台《中国中医药大会》（第二季）《陇脉医承》栏目播出截图或视频链接证明/央视图片证明材料.pdf,d04f8c0b7ad2a8fa706dae578d85256f9020b0fcb043d50a1362fa0a0effd239,PDF,HERITAGE,HERITAGE_DOC,b02 controlled-scale representative sample,PROFILE_THEN_ROUTE_A_B_C,page-map + extracted-text/raw-ocr,NEEDS_REVIEW,NEEDS_CUSTOMER_CONFIRMATION
B02,HFM-A000685,非遗佐证/08申报单位资质/1、甘肃医学院事业单位法人证书复印件.pdf,b72b17e7e89393dca12cb1e0b0578b755e7c9eefa7b0e50f3838bbe9562f0cf0,PDF,HERITAGE,HERITAGE_DOC,b02 controlled-scale representative sample,PROFILE_THEN_ROUTE_A_B_C,page-map + extracted-text/raw-ocr,NEEDS_REVIEW,NEEDS_CUSTOMER_CONFIRMATION
