BATCH_ID,ASSET_ID,SOURCE_PDF,SHA256,PAGE_NUMBER,OUTPUT_FILE,PAGE_TEXT_CHARS,LAYER,STATUS
B02,HFM-A000013,针灸甲乙经/论文/针灸甲乙经/1-《针灸甲乙经》的读法.pdf,cb31884b4a2666bdd5c9c7d33d0e1451bf008760c7a52de616eb61364c0a8b44,1,HFM-A000013_raw.txt,1228,TEXT,OK
B02,HFM-A000013,针灸甲乙经/论文/针灸甲乙经/1-《针灸甲乙经》的读法.pdf,cb31884b4a2666bdd5c9c7d33d0e1451bf008760c7a52de616eb61364c0a8b44,2,HFM-A000013_raw.txt,1578,TEXT,OK
B02,HFM-A000013,针灸甲乙经/论文/针灸甲乙经/1-《针灸甲乙经》的读法.pdf,cb31884b4a2666bdd5c9c7d33d0e1451bf008760c7a52de616eb61364c0a8b44,3,HFM-A000013_raw.txt,1533,TEXT,OK
B02,HFM-A000013,针灸甲乙经/论文/针灸甲乙经/1-《针灸甲乙经》的读法.pdf,cb31884b4a2666bdd5c9c7d33d0e1451bf008760c7a52de616eb61364c0a8b44,4,HFM-A000013_raw.txt,1309,TEXT,OK
B02,HFM-A000037,针灸甲乙经/论文/针灸甲乙经/15-《针灸甲乙经》便秘治疗的源流探析.pdf,81c97369d55d317a09975fb9ed186a8508542bf3c877912f58971304903e6eae,1,HFM-A000037_raw.txt,1877,TEXT,OK
B02,HFM-A000037,针灸甲乙经/论文/针灸甲乙经/15-《针灸甲乙经》便秘治疗的源流探析.pdf,81c97369d55d317a09975fb9ed186a8508542bf3c877912f58971304903e6eae,2,HFM-A000037_raw.txt,2007,TEXT,OK
B02,HFM-A000037,针灸甲乙经/论文/针灸甲乙经/15-《针灸甲乙经》便秘治疗的源流探析.pdf,81c97369d55d317a09975fb9ed186a8508542bf3c877912f58971304903e6eae,3,HFM-A000037_raw.txt,1943,TEXT,OK
B02,HFM-A000037,针灸甲乙经/论文/针灸甲乙经/15-《针灸甲乙经》便秘治疗的源流探析.pdf,81c97369d55d317a09975fb9ed186a8508542bf3c877912f58971304903e6eae,4,HFM-A000037_raw.txt,2605,TEXT,OK
B02,HFM-A000037,针灸甲乙经/论文/针灸甲乙经/15-《针灸甲乙经》便秘治疗的源流探析.pdf,81c97369d55d317a09975fb9ed186a8508542bf3c877912f58971304903e6eae,5,HFM-A000037_raw.txt,1831,TEXT,OK
B02,HFM-A000050,针灸甲乙经/论文/针灸甲乙经/179-皇甫谧与《针灸甲乙经》.pdf,12bd6714f50def78ad3c51f449cb4ca70161416403b75699f0d4afb0f0369d57,1,HFM-A000050_raw.txt,1248,TEXT,OK
B02,HFM-A000050,针灸甲乙经/论文/针灸甲乙经/179-皇甫谧与《针灸甲乙经》.pdf,12bd6714f50def78ad3c51f449cb4ca70161416403b75699f0d4afb0f0369d57,2,HFM-A000050_raw.txt,1113,TEXT,OK
B02,HFM-A000062,针灸甲乙经/论文/针灸甲乙经/196-《针灸甲乙经》中妇科疾病的取穴规律探析.pdf,61cca789b100b23bbc12e02a389d5130864f07ed4fe813f88a8bcc9572a5e195,1,HFM-A000062_raw.txt,1878,TEXT,OK
B02,HFM-A000062,针灸甲乙经/论文/针灸甲乙经/196-《针灸甲乙经》中妇科疾病的取穴规律探析.pdf,61cca789b100b23bbc12e02a389d5130864f07ed4fe813f88a8bcc9572a5e195,2,HFM-A000062_raw.txt,1551,TEXT,OK
B02,HFM-A000062,针灸甲乙经/论文/针灸甲乙经/196-《针灸甲乙经》中妇科疾病的取穴规律探析.pdf,61cca789b100b23bbc12e02a389d5130864f07ed4fe813f88a8bcc9572a5e195,3,HFM-A000062_raw.txt,1492,TEXT,OK
B02,HFM-A000062,针灸甲乙经/论文/针灸甲乙经/196-《针灸甲乙经》中妇科疾病的取穴规律探析.pdf,61cca789b100b23bbc12e02a389d5130864f07ed4fe813f88a8bcc9572a5e195,4,HFM-A000062_raw.txt,2086,TEXT,OK
B02,HFM-A000086,针灸甲乙经/论文/针灸甲乙经/225-三才理论在针灸治疗热病中的应用探讨.pdf,e4100039abef7f93a2e5a689a1cd09377005ede0c7c6a95a1d3bd26f5edf7ef2,1,HFM-A000086_raw.txt,1731,TEXT,OK
B02,HFM-A000086,针灸甲乙经/论文/针灸甲乙经/225-三才理论在针灸治疗热病中的应用探讨.pdf,e4100039abef7f93a2e5a689a1cd09377005ede0c7c6a95a1d3bd26f5edf7ef2,2,HFM-A000086_raw.txt,2028,TEXT,OK
B02,HFM-A000086,针灸甲乙经/论文/针灸甲乙经/225-三才理论在针灸治疗热病中的应用探讨.pdf,e4100039abef7f93a2e5a689a1cd09377005ede0c7c6a95a1d3bd26f5edf7ef2,3,HFM-A000086_raw.txt,2049,TEXT,OK
B02,HFM-A000086,针灸甲乙经/论文/针灸甲乙经/225-三才理论在针灸治疗热病中的应用探讨.pdf,e4100039abef7f93a2e5a689a1cd09377005ede0c7c6a95a1d3bd26f5edf7ef2,4,HFM-A000086_raw.txt,2455,TEXT,OK
B02,HFM-A000111,针灸甲乙经/论文/针灸甲乙经/253-针灸补泻手法初探.pdf,ad8a5c8f15e5575acbc26e12a0856f113f6a96edbae3e17366b526dcaa4c0ee5,1,HFM-A000111_raw.txt,2366,TEXT,OK
B02,HFM-A000111,针灸甲乙经/论文/针灸甲乙经/253-针灸补泻手法初探.pdf,ad8a5c8f15e5575acbc26e12a0856f113f6a96edbae3e17366b526dcaa4c0ee5,2,HFM-A000111_raw.txt,2141,TEXT,OK
B02,HFM-A000111,针灸甲乙经/论文/针灸甲乙经/253-针灸补泻手法初探.pdf,ad8a5c8f15e5575acbc26e12a0856f113f6a96edbae3e17366b526dcaa4c0ee5,3,HFM-A000111_raw.txt,2050,TEXT,OK
B02,HFM-A000135,针灸甲乙经/论文/针灸甲乙经/352-经筋刺法的理论渊源及发展.pdf,aac2b118e7ae37ef0758c927f3a7903f6d8601ff380d46b1deb5636aa4085805,1,HFM-A000135_raw.txt,1535,TEXT,OK
B02,HFM-A000135,针灸甲乙经/论文/针灸甲乙经/352-经筋刺法的理论渊源及发展.pdf,aac2b118e7ae37ef0758c927f3a7903f6d8601ff380d46b1deb5636aa4085805,2,HFM-A000135_raw.txt,1873,TEXT,OK
B02,HFM-A000135,针灸甲乙经/论文/针灸甲乙经/352-经筋刺法的理论渊源及发展.pdf,aac2b118e7ae37ef0758c927f3a7903f6d8601ff380d46b1deb5636aa4085805,3,HFM-A000135_raw.txt,1764,TEXT,OK
B02,HFM-A000160,针灸甲乙经/论文/针灸甲乙经/380-关于概括腧穴主治方法的几点思考.pdf,59ec336887245409c46a3f736658decf5f9d34608ea2507556ca8428eca66fe5,1,HFM-A000160_raw.txt,2117,TEXT,OK
B02,HFM-A000160,针灸甲乙经/论文/针灸甲乙经/380-关于概括腧穴主治方法的几点思考.pdf,59ec336887245409c46a3f736658decf5f9d34608ea2507556ca8428eca66fe5,2,HFM-A000160_raw.txt,1895,TEXT,OK
B02,HFM-A000184,针灸甲乙经/论文/针灸甲乙经/404-神庭穴临证探讨.pdf,c1997f3fa53ba38b2834a8238df03a107e6e1570eec9abe953325be75ddae864,1,HFM-A000184_raw.txt,1927,TEXT,OK
B02,HFM-A000184,针灸甲乙经/论文/针灸甲乙经/404-神庭穴临证探讨.pdf,c1997f3fa53ba38b2834a8238df03a107e6e1570eec9abe953325be75ddae864,2,HFM-A000184_raw.txt,2149,TEXT,OK
B02,HFM-A000184,针灸甲乙经/论文/针灸甲乙经/404-神庭穴临证探讨.pdf,c1997f3fa53ba38b2834a8238df03a107e6e1570eec9abe953325be75ddae864,3,HFM-A000184_raw.txt,2329,TEXT,OK
B02,HFM-A000209,针灸甲乙经/论文/针灸甲乙经/430-背俞穴概述.pdf,b1cf9e283f6a6fae374fcc0ae7442d61bf745c4e882f75d54cabdc7e4da803c8,1,HFM-A000209_raw.txt,1889,TEXT,OK
B02,HFM-A000209,针灸甲乙经/论文/针灸甲乙经/430-背俞穴概述.pdf,b1cf9e283f6a6fae374fcc0ae7442d61bf745c4e882f75d54cabdc7e4da803c8,2,HFM-A000209_raw.txt,2530,TEXT,OK
B02,HFM-A000233,针灸甲乙经/论文/针灸甲乙经/458-(譩)(譆)穴古代文献研究.pdf,01a28d07731f6c09ca2b75f00117f1a94c0aa87ae596f6b3e3b75d783b913257,1,HFM-A000233_raw.txt,1095,TEXT,OK
B02,HFM-A000233,针灸甲乙经/论文/针灸甲乙经/458-(譩)(譆)穴古代文献研究.pdf,01a28d07731f6c09ca2b75f00117f1a94c0aa87ae596f6b3e3b75d783b913257,2,HFM-A000233_raw.txt,1777,TEXT,OK
B02,HFM-A000233,针灸甲乙经/论文/针灸甲乙经/458-(譩)(譆)穴古代文献研究.pdf,01a28d07731f6c09ca2b75f00117f1a94c0aa87ae596f6b3e3b75d783b913257,3,HFM-A000233_raw.txt,2123,TEXT,OK
B02,HFM-A000258,针灸甲乙经/论文/针灸甲乙经/485-《医学六经》考.pdf,8e15a0f0bb45e8453f6e470325057c9487fcc0357b290eaefc643de15e511958,1,HFM-A000258_raw.txt,1826,TEXT,OK
B02,HFM-A000258,针灸甲乙经/论文/针灸甲乙经/485-《医学六经》考.pdf,8e15a0f0bb45e8453f6e470325057c9487fcc0357b290eaefc643de15e511958,2,HFM-A000258_raw.txt,2151,TEXT,OK
B02,HFM-A000258,针灸甲乙经/论文/针灸甲乙经/485-《医学六经》考.pdf,8e15a0f0bb45e8453f6e470325057c9487fcc0357b290eaefc643de15e511958,3,HFM-A000258_raw.txt,2262,TEXT,OK
B02,HFM-A000282,针灸甲乙经/论文/针灸甲乙经/507-敦煌《灸经图》足太阳经理论源流探析.pdf,db12e2290c0d63cb9f85bd29126779d2f136c61618378c8ed819d07be538c0ae,1,HFM-A000282_raw.txt,2357,TEXT,OK
B02,HFM-A000282,针灸甲乙经/论文/针灸甲乙经/507-敦煌《灸经图》足太阳经理论源流探析.pdf,db12e2290c0d63cb9f85bd29126779d2f136c61618378c8ed819d07be538c0ae,2,HFM-A000282_raw.txt,2026,TEXT,OK
B02,HFM-A000282,针灸甲乙经/论文/针灸甲乙经/507-敦煌《灸经图》足太阳经理论源流探析.pdf,db12e2290c0d63cb9f85bd29126779d2f136c61618378c8ed819d07be538c0ae,3,HFM-A000282_raw.txt,2149,TEXT,OK
B02,HFM-A000307,针灸甲乙经/论文/针灸甲乙经/530-四肢部古代解剖学名词今译.pdf,417b38718f123b943ba5548bbe20ca6bee645a29c90bdc76a65e82d7ab5f186d,1,HFM-A000307_raw.txt,1467,TEXT,OK
B02,HFM-A000307,针灸甲乙经/论文/针灸甲乙经/530-四肢部古代解剖学名词今译.pdf,417b38718f123b943ba5548bbe20ca6bee645a29c90bdc76a65e82d7ab5f186d,2,HFM-A000307_raw.txt,1637,TEXT,OK
B02,HFM-A000307,针灸甲乙经/论文/针灸甲乙经/530-四肢部古代解剖学名词今译.pdf,417b38718f123b943ba5548bbe20ca6bee645a29c90bdc76a65e82d7ab5f186d,3,HFM-A000307_raw.txt,1676,TEXT,OK
B02,HFM-A000331,针灸甲乙经/论文/针灸甲乙经/552-环跳穴的临床应用.pdf,9eb02cd42ceaf048c60fe73913a5e119a49a466217dfa0ed98eaca15f8c4ede6,1,HFM-A000331_raw.txt,1524,TEXT,OK
B02,HFM-A000331,针灸甲乙经/论文/针灸甲乙经/552-环跳穴的临床应用.pdf,9eb02cd42ceaf048c60fe73913a5e119a49a466217dfa0ed98eaca15f8c4ede6,2,HFM-A000331_raw.txt,1419,TEXT,OK
B02,HFM-A000356,针灸甲乙经/论文/针灸甲乙经/576-身柱穴的临床蜂针治疗功用.pdf,72dda9cd1e4ee6d05824efe62f83b1ca8991851236825f2adfe70571ce1789af,1,HFM-A000356_raw.txt,1415,TEXT,OK
B02,HFM-A000356,针灸甲乙经/论文/针灸甲乙经/576-身柱穴的临床蜂针治疗功用.pdf,72dda9cd1e4ee6d05824efe62f83b1ca8991851236825f2adfe70571ce1789af,2,HFM-A000356_raw.txt,1709,TEXT,OK
B02,HFM-A000380,针灸甲乙经/论文/针灸甲乙经/599-针刺治疗奔豚气1例.pdf,3d811026b8a8eaa0c8bdcbc19d71a38d8099b071d8ef89798c76d8e8dbb46fe7,1,HFM-A000380_raw.txt,1853,TEXT,OK
B02,HFM-A000405,针灸甲乙经/论文/针灸甲乙经/621-关于龈交穴与上唇系带的探讨.pdf,1a92fbb830cdfbfe83aa7340879ceab79d444993e4952b63fa4fe95d58ede9d1,1,HFM-A000405_raw.txt,1211,TEXT,OK
B02,HFM-A000405,针灸甲乙经/论文/针灸甲乙经/621-关于龈交穴与上唇系带的探讨.pdf,1a92fbb830cdfbfe83aa7340879ceab79d444993e4952b63fa4fe95d58ede9d1,2,HFM-A000405_raw.txt,1938,TEXT,OK
B02,HFM-A000405,针灸甲乙经/论文/针灸甲乙经/621-关于龈交穴与上唇系带的探讨.pdf,1a92fbb830cdfbfe83aa7340879ceab79d444993e4952b63fa4fe95d58ede9d1,3,HFM-A000405_raw.txt,1959,TEXT,OK
B02,HFM-A000405,针灸甲乙经/论文/针灸甲乙经/621-关于龈交穴与上唇系带的探讨.pdf,1a92fbb830cdfbfe83aa7340879ceab79d444993e4952b63fa4fe95d58ede9d1,4,HFM-A000405_raw.txt,1737,TEXT,OK
B02,HFM-A000429,针灸甲乙经/论文/针灸甲乙经/652-论肾风病的现代观.pdf,e8965678d650b8fdd2e6ba22ffc4f2cf0ad661031b8e03b7acb97b0e6b7c96b9,1,HFM-A000429_raw.txt,1656,TEXT,OK
B02,HFM-A000429,针灸甲乙经/论文/针灸甲乙经/652-论肾风病的现代观.pdf,e8965678d650b8fdd2e6ba22ffc4f2cf0ad661031b8e03b7acb97b0e6b7c96b9,2,HFM-A000429_raw.txt,2155,TEXT,OK
B02,HFM-A000429,针灸甲乙经/论文/针灸甲乙经/652-论肾风病的现代观.pdf,e8965678d650b8fdd2e6ba22ffc4f2cf0ad661031b8e03b7acb97b0e6b7c96b9,3,HFM-A000429_raw.txt,2213,TEXT,OK
B02,HFM-A000429,针灸甲乙经/论文/针灸甲乙经/652-论肾风病的现代观.pdf,e8965678d650b8fdd2e6ba22ffc4f2cf0ad661031b8e03b7acb97b0e6b7c96b9,4,HFM-A000429_raw.txt,2364,TEXT,OK
B02,HFM-A000454,针灸甲乙经/论文/针灸甲乙经/679-关于血海穴简便取穴法准确性的探讨_胡成想.pdf,67b259fda6226696f5c2a6656ebf8f56f3b02516ecd5529ccf9bc37f3611b945,1,HFM-A000454_raw.txt,1394,TEXT,OK
B02,HFM-A000478,针灸甲乙经/论文/针灸甲乙经/75-探析《针灸甲乙经》治疗头痛的选穴规律.pdf,a2947ea85b60414684a7a1d32675a26df8dd0fc722b0070d0039f18ffa490cdf,1,HFM-A000478_raw.txt,1801,TEXT,OK
B02,HFM-A000478,针灸甲乙经/论文/针灸甲乙经/75-探析《针灸甲乙经》治疗头痛的选穴规律.pdf,a2947ea85b60414684a7a1d32675a26df8dd0fc722b0070d0039f18ffa490cdf,2,HFM-A000478_raw.txt,1355,TEXT,OK
B02,HFM-A000478,针灸甲乙经/论文/针灸甲乙经/75-探析《针灸甲乙经》治疗头痛的选穴规律.pdf,a2947ea85b60414684a7a1d32675a26df8dd0fc722b0070d0039f18ffa490cdf,3,HFM-A000478_raw.txt,2527,TEXT,OK
B02,HFM-A000529,针灸甲乙经/论著/10023266.pdf,765652180b12950fb7a8676a91c9dcd7826946802e5ef553d3e513f33341ca9f,1,HFM-A000529_p001_raw.txt,457,OCR,RAW_OCR_SAMPLE
B02,HFM-A000529,针灸甲乙经/论著/10023266.pdf,765652180b12950fb7a8676a91c9dcd7826946802e5ef553d3e513f33341ca9f,60,HFM-A000529_p060_raw.txt,323,OCR,RAW_OCR_SAMPLE
B02,HFM-A000529,针灸甲乙经/论著/10023266.pdf,765652180b12950fb7a8676a91c9dcd7826946802e5ef553d3e513f33341ca9f,121,HFM-A000529_p121_raw.txt,541,OCR,RAW_OCR_SAMPLE
B02,HFM-A000529,针灸甲乙经/论著/10023266.pdf,765652180b12950fb7a8676a91c9dcd7826946802e5ef553d3e513f33341ca9f,182,HFM-A000529_p182_raw.txt,532,OCR,RAW_OCR_SAMPLE
B02,HFM-A000529,针灸甲乙经/论著/10023266.pdf,765652180b12950fb7a8676a91c9dcd7826946802e5ef553d3e513f33341ca9f,243,HFM-A000529_p243_raw.txt,306,OCR,RAW_OCR_SAMPLE
B02,HFM-A000533,针灸甲乙经/论著/《甲乙经》五车楼藏板（明万历吴勉学）/《甲乙经》五车楼藏板 2.pdf,44e170b23c50d17ce2d26f61f8fe3b9473c99075119be179c0d47278fe34c493,1,HFM-A000533_p001_raw.txt,60,OCR,RAW_OCR_SAMPLE
B02,HFM-A000533,针灸甲乙经/论著/《甲乙经》五车楼藏板（明万历吴勉学）/《甲乙经》五车楼藏板 2.pdf,44e170b23c50d17ce2d26f61f8fe3b9473c99075119be179c0d47278fe34c493,44,HFM-A000533_p044_raw.txt,126,OCR,RAW_OCR_SAMPLE
B02,HFM-A000533,针灸甲乙经/论著/《甲乙经》五车楼藏板（明万历吴勉学）/《甲乙经》五车楼藏板 2.pdf,44e170b23c50d17ce2d26f61f8fe3b9473c99075119be179c0d47278fe34c493,88,HFM-A000533_p088_raw.txt,98,OCR,RAW_OCR_SAMPLE
B02,HFM-A000533,针灸甲乙经/论著/《甲乙经》五车楼藏板（明万历吴勉学）/《甲乙经》五车楼藏板 2.pdf,44e170b23c50d17ce2d26f61f8fe3b9473c99075119be179c0d47278fe34c493,132,HFM-A000533_p132_raw.txt,161,OCR,RAW_OCR_SAMPLE
B02,HFM-A000533,针灸甲乙经/论著/《甲乙经》五车楼藏板（明万历吴勉学）/《甲乙经》五车楼藏板 2.pdf,44e170b23c50d17ce2d26f61f8fe3b9473c99075119be179c0d47278fe34c493,176,HFM-A000533_p176_raw.txt,20,OCR,RAW_OCR_SAMPLE
B02,HFM-A000537,针灸甲乙经/论著/《甲乙经》行素草堂藏板清光绪/《甲乙经》行素草堂藏板清光绪卷一二.pdf,72718411151893e65aebce4927d406cd002fbd188d273ccaee7fac9f7c6d9ef6,1,HFM-A000537_p001_raw.txt,4,OCR,RAW_OCR_SAMPLE
B02,HFM-A000537,针灸甲乙经/论著/《甲乙经》行素草堂藏板清光绪/《甲乙经》行素草堂藏板清光绪卷一二.pdf,72718411151893e65aebce4927d406cd002fbd188d273ccaee7fac9f7c6d9ef6,33,HFM-A000537_p033_raw.txt,171,OCR,RAW_OCR_SAMPLE
B02,HFM-A000537,针灸甲乙经/论著/《甲乙经》行素草堂藏板清光绪/《甲乙经》行素草堂藏板清光绪卷一二.pdf,72718411151893e65aebce4927d406cd002fbd188d273ccaee7fac9f7c6d9ef6,66,HFM-A000537_p066_raw.txt,189,OCR,RAW_OCR_SAMPLE
B02,HFM-A000537,针灸甲乙经/论著/《甲乙经》行素草堂藏板清光绪/《甲乙经》行素草堂藏板清光绪卷一二.pdf,72718411151893e65aebce4927d406cd002fbd188d273ccaee7fac9f7c6d9ef6,99,HFM-A000537_p099_raw.txt,131,OCR,RAW_OCR_SAMPLE
B02,HFM-A000537,针灸甲乙经/论著/《甲乙经》行素草堂藏板清光绪/《甲乙经》行素草堂藏板清光绪卷一二.pdf,72718411151893e65aebce4927d406cd002fbd188d273ccaee7fac9f7c6d9ef6,132,HFM-A000537_p132_raw.txt,24,OCR,RAW_OCR_SAMPLE
B02,HFM-A000542,针灸甲乙经/论著/《针灸甲乙经》医统正脉全书明万历29年吴勉学（1601）/《针灸甲乙经》医统正脉全书1.pdf,222f8720504c492b7b4c71596fa3c64ac2fdeff8ca3ab2a8a9fc99a89f96df07,1,HFM-A000542_p001_raw.txt,12,OCR,RAW_OCR_SAMPLE
B02,HFM-A000542,针灸甲乙经/论著/《针灸甲乙经》医统正脉全书明万历29年吴勉学（1601）/《针灸甲乙经》医统正脉全书1.pdf,222f8720504c492b7b4c71596fa3c64ac2fdeff8ca3ab2a8a9fc99a89f96df07,40,HFM-A000542_p040_raw.txt,129,OCR,RAW_OCR_SAMPLE
B02,HFM-A000542,针灸甲乙经/论著/《针灸甲乙经》医统正脉全书明万历29年吴勉学（1601）/《针灸甲乙经》医统正脉全书1.pdf,222f8720504c492b7b4c71596fa3c64ac2fdeff8ca3ab2a8a9fc99a89f96df07,81,HFM-A000542_p081_raw.txt,70,OCR,RAW_OCR_SAMPLE
B02,HFM-A000542,针灸甲乙经/论著/《针灸甲乙经》医统正脉全书明万历29年吴勉学（1601）/《针灸甲乙经》医统正脉全书1.pdf,222f8720504c492b7b4c71596fa3c64ac2fdeff8ca3ab2a8a9fc99a89f96df07,121,HFM-A000542_p121_raw.txt,99,OCR,RAW_OCR_SAMPLE
B02,HFM-A000542,针灸甲乙经/论著/《针灸甲乙经》医统正脉全书明万历29年吴勉学（1601）/《针灸甲乙经》医统正脉全书1.pdf,222f8720504c492b7b4c71596fa3c64ac2fdeff8ca3ab2a8a9fc99a89f96df07,162,HFM-A000542_p162_raw.txt,22,OCR,RAW_OCR_SAMPLE
B02,HFM-A000622,非遗佐证/02 领办人荣誉及获奖/1、平凉市名中医.pdf,0b1ccf24a8965f5f035682f6c20274949aa10673db61bd650c4aa7354e3f3f2e,1,HFM-A000622_p001_raw.txt,921,OCR,RAW_OCR_SAMPLE
B02,HFM-A000627,非遗佐证/02 领办人荣誉及获奖/6、甘肃高层次专业技术人才津贴人员.pdf,3ea22a1d5e60c4f33c2b77c70a057c1f59b668ad25602de0936b918431824296,1,HFM-A000627_p001_raw.txt,0,OCR,RAW_OCR_SAMPLE
B02,HFM-A000633,非遗佐证/03 非遗传承人资质/皇甫谧针灸市级非物质文化遗产代表性传承人认定文件.pdf,c9737e250cfcbe16fc7d01d20a35fd0a6e9745eee10ebd064aaba21c96a7cb0c,1,HFM-A000633_p001_raw.txt,311,OCR,RAW_OCR_SAMPLE
B02,HFM-A000638,非遗佐证/04 学术兼职/5、2025全国综合及医科大学针灸推拿学联盟副理事长.pdf,a70fa42246f696d5cbf916e178146cd985fc0271310a9a5ca65f1e4477b5d5ab,1,HFM-A000638_p001_raw.txt,289,OCR,RAW_OCR_SAMPLE
B02,HFM-A000644,非遗佐证/05 技术成果/1、市级科研成果奖证书复印件/市科技进步二等奖3.pdf,651cf5792ea2f46f004d3394f324eddccaaac73039fb4c8925bb3c1de13a272f,1,HFM-A000644_p001_raw.txt,7972,OCR,RAW_OCR_SAMPLE
B02,HFM-A000649,非遗佐证/05 技术成果/1、市级科研成果奖证书复印件/市科技进步二等奖8.pdf,efd037b718a2bde38c35e161fcbe2547ec92f0c455b0a99405bc22a5f913bac9,1,HFM-A000649_p001_raw.txt,116,OCR,RAW_OCR_SAMPLE
B02,HFM-A000654,非遗佐证/05 技术成果/2、刘君奇发表论文/中药外敷联合针刺治疗膝关节骨性关节炎的临床疗效及对关节疼痛的影响/（首页）中药外敷联合针刺治疗膝关节骨性关节炎的临床疗效及对关节疼痛的影响.pdf,3ee22a45e6e5065594726ae61e68d5579362f70eec2d2bdaac32b920ae1d2695,1,HFM-A000654_p001_raw.txt,1749,OCR,RAW_OCR_SAMPLE
B02,HFM-A000660,非遗佐证/05 技术成果/2、刘君奇发表论文/皇甫谧滞通针法临床应用/正文4.pdf,8cd1ef1fd6ba84a19b330c42843b9a21b9f90520aa8222fa1d6e352d5484b758,1,HFM-A000660_p001_raw.txt,1392,OCR,RAW_OCR_SAMPLE
B02,HFM-A000665,非遗佐证/05 技术成果/3、主持、参与的市、厅级中医药课题立项或结题证明复印件（十余项）/19社科联项目立项证明.pdf,576184e212e1b271212bf0c1ba5e83deb27fe0b17e7934bb95597bd572d17025,1,HFM-A000665_p001_raw.txt,765,OCR,RAW_OCR_SAMPLE
B02,HFM-A000671,非遗佐证/06 媒体报道/3、甘肃卫视等栏目宣传报道截图或链接/灵台县.pdf,607b1cfdf861899d0cc50c170854d3148fd24ef9f96262aef2e1a79933da7dce,1,HFM-A000671_p001_raw.txt,8,OCR,RAW_OCR_SAMPLE
B02,HFM-A000676,非遗佐证/06 媒体报道/4、2025年4月25日中央电视台《中国中医药大会》（第二季）《陇脉医承》栏目播出截图或视频链接证明/央视图片证明材料.pdf,d04f8c0b7ad2a8fa706dae578d85256f9020b0fcb043d50a1362fa0a0effd239,1,HFM-A000676_p001_raw.txt,56,OCR,RAW_OCR_SAMPLE
B02,HFM-A000685,非遗佐证/08申报单位资质/1、甘肃医学院事业单位法人证书复印件.pdf,b72b17e7e89393dca12cb1e0b0578b755e7c9eefa7b0e50f3838bbe9562f0cf0,1,HFM-A000685_p001_raw.txt,279,OCR,RAW_OCR_SAMPLE
